USE OLS;

INSERT INTO Departments (D_Id, D_Name, D_Roles, D_Level, D_Remark, D_AddTime, D_Status) VALUES (1, '技术部', '[1]', '0001', NULL, GETDATE(), 1);
INSERT INTO Roles (R_Id, R_Name, R_Permissions, R_PermissionCategories, R_Remark, R_AddTime, R_Status) VALUES (1, '技术部', '[]', '[]', NULL, GETDATE(), 1);
INSERT INTO Department_Role (D_Id, R_Id) VALUES (1, 1);
INSERT INTO Duties (Du_Id, Du_Name, Du_Remark, Du_AddTime, Du_Status) VALUES (1, '系统管理员', NULL, GETDATE(), 1);
INSERT INTO Users (U_Id, U_Name, U_LoginName, U_Password, Du_Id, U_Departments, U_Roles, U_Remark, U_AddTime, U_Status) VALUES (1, '系统管理员', 'Admin', '86A59028668AA3DB6794A16C91D30476'/*kyzx201510*/, 1, '[1]', '[1]', NULL, GETDATE(), 1);
INSERT INTO User_Department (U_Id, D_Id) VALUES (1, 1);
INSERT INTO Departments (D_Id, D_Name, D_Roles, D_Level, D_Remark, D_AddTime, D_Status) VALUES (2, '局长室', '[2]', '0002', NULL, GETDATE(), 1);
INSERT INTO Roles (R_Id, R_Name, R_Permissions, R_PermissionCategories, R_Remark, R_AddTime, R_Status) VALUES (2, '局长室', '[]', '[]', NULL, GETDATE(), 1);
INSERT INTO Department_Role (D_Id, R_Id) VALUES (2, 2);
INSERT INTO Duties (Du_Id, Du_Name, Du_Remark, Du_AddTime, Du_Status) VALUES (2, '局长', NULL, GETDATE(), 1);
INSERT INTO Users (U_Id, U_Name, U_LoginName, U_Password, Du_Id, U_Departments, U_Roles, U_Remark, U_AddTime, U_Status) VALUES (2, '郑旭彪', 'ZhengXuBiao', 'BC111B2A0E2ABDB0A74F698C45551DE7'/*xnsw201510*/, 2, '[2]', '[2]', NULL, GETDATE(), 1);
INSERT INTO User_Department (U_Id, D_Id) VALUES (2, 2);
INSERT INTO Departments (D_Id, D_Name, D_Roles, D_Level, D_Remark, D_AddTime, D_Status) VALUES (3, '副局长室', '[3]', '0003', NULL, GETDATE(), 1);
INSERT INTO Roles (R_Id, R_Name, R_Permissions, R_PermissionCategories, R_Remark, R_AddTime, R_Status) VALUES (3, '副局长室', '[]', '[]', NULL, GETDATE(), 1);
INSERT INTO Department_Role (D_Id, R_Id) VALUES (3, 3);
INSERT INTO Duties (Du_Id, Du_Name, Du_Remark, Du_AddTime, Du_Status) VALUES (3, '副局长', NULL, GETDATE(), 1);
INSERT INTO Users (U_Id, U_Name, U_LoginName, U_Password, Du_Id, U_Departments, U_Roles, U_Remark, U_AddTime, U_Status) VALUES (3, '何坤文', 'HeKunWen', 'BC111B2A0E2ABDB0A74F698C45551DE7'/*xnsw201510*/, 3, '[3]', '[3]', NULL, GETDATE(), 1);
INSERT INTO User_Department (U_Id, D_Id) VALUES (3, 3);
INSERT INTO Users (U_Id, U_Name, U_LoginName, U_Password, Du_Id, U_Departments, U_Roles, U_Remark, U_AddTime, U_Status) VALUES (4, '刘文胜', 'LiuWenSheng', 'BC111B2A0E2ABDB0A74F698C45551DE7'/*xnsw201510*/, 3, '[3]', '[3]', NULL, GETDATE(), 1);
INSERT INTO User_Department (U_Id, D_Id) VALUES (4, 3);
INSERT INTO Users (U_Id, U_Name, U_LoginName, U_Password, Du_Id, U_Departments, U_Roles, U_Remark, U_AddTime, U_Status) VALUES (5, '黄立权', 'HuangLiQuan', 'BC111B2A0E2ABDB0A74F698C45551DE7'/*xnsw201510*/, NULL, '[3]', '[3]', NULL, GETDATE(), 1);
INSERT INTO User_Department (U_Id, D_Id) VALUES (5, 3);
INSERT INTO Departments (D_Id, D_Name, D_Roles, D_Level, D_Remark, D_AddTime, D_Status) VALUES (4, '纪检组长室', '[4]', '0004', NULL, GETDATE(), 1);
INSERT INTO Roles (R_Id, R_Name, R_Permissions, R_PermissionCategories, R_Remark, R_AddTime, R_Status) VALUES (4, '纪检组长室', '[]', '[]', NULL, GETDATE(), 1);
INSERT INTO Department_Role (D_Id, R_Id) VALUES (4, 4);
INSERT INTO Duties (Du_Id, Du_Name, Du_Remark, Du_AddTime, Du_Status) VALUES (4, '纪检组长', NULL, GETDATE(), 1);
INSERT INTO Departments (D_Id, D_Name, D_Roles, D_Level, D_Remark, D_AddTime, D_Status) VALUES (5, '总经济师', '[5]', '0005', NULL, GETDATE(), 1);
INSERT INTO Roles (R_Id, R_Name, R_Permissions, R_PermissionCategories, R_Remark, R_AddTime, R_Status) VALUES (5, '总经济师', '[]', '[]', NULL, GETDATE(), 1);
INSERT INTO Department_Role (D_Id, R_Id) VALUES (5, 5);
INSERT INTO Duties (Du_Id, Du_Name, Du_Remark, Du_AddTime, Du_Status) VALUES (5, '总经济师', NULL, GETDATE(), 1);
INSERT INTO Departments (D_Id, D_Name, D_Roles, D_Level, D_Remark, D_AddTime, D_Status) VALUES (6, '办公室', '[6]', '0006', NULL, GETDATE(), 1);
INSERT INTO Roles (R_Id, R_Name, R_Permissions, R_PermissionCategories, R_Remark, R_AddTime, R_Status) VALUES (6, '办公室', '[]', '[]', NULL, GETDATE(), 1);
INSERT INTO Department_Role (D_Id, R_Id) VALUES (6, 6);
INSERT INTO Duties (Du_Id, Du_Name, Du_Remark, Du_AddTime, Du_Status) VALUES (6, '主任', NULL, GETDATE(), 1);
INSERT INTO Users (U_Id, U_Name, U_LoginName, U_Password, Du_Id, U_Departments, U_Roles, U_Remark, U_AddTime, U_Status) VALUES (6, '李惠平', 'LiHuiPing', 'BC111B2A0E2ABDB0A74F698C45551DE7'/*xnsw201510*/, 6, '[6]', '[6]', NULL, GETDATE(), 1);
INSERT INTO User_Department (U_Id, D_Id) VALUES (6, 6);
INSERT INTO Duties (Du_Id, Du_Name, Du_Remark, Du_AddTime, Du_Status) VALUES (7, '副主任', NULL, GETDATE(), 1);
INSERT INTO Users (U_Id, U_Name, U_LoginName, U_Password, Du_Id, U_Departments, U_Roles, U_Remark, U_AddTime, U_Status) VALUES (7, '彭远达', 'PengYuanDa', 'BC111B2A0E2ABDB0A74F698C45551DE7'/*xnsw201510*/, 7, '[6]', '[6]', NULL, GETDATE(), 1);
INSERT INTO User_Department (U_Id, D_Id) VALUES (7, 6);
INSERT INTO Users (U_Id, U_Name, U_LoginName, U_Password, Du_Id, U_Departments, U_Roles, U_Remark, U_AddTime, U_Status) VALUES (8, '张清平', 'ZhangQingPing', 'BC111B2A0E2ABDB0A74F698C45551DE7'/*xnsw201510*/, NULL, '[6]', '[6]', NULL, GETDATE(), 1);
INSERT INTO User_Department (U_Id, D_Id) VALUES (8, 6);
INSERT INTO Users (U_Id, U_Name, U_LoginName, U_Password, Du_Id, U_Departments, U_Roles, U_Remark, U_AddTime, U_Status) VALUES (9, '李婷', 'LiTing', 'BC111B2A0E2ABDB0A74F698C45551DE7'/*xnsw201510*/, NULL, '[6]', '[6]', NULL, GETDATE(), 1);
INSERT INTO User_Department (U_Id, D_Id) VALUES (9, 6);
INSERT INTO Duties (Du_Id, Du_Name, Du_Remark, Du_AddTime, Du_Status) VALUES (8, '业务组长', NULL, GETDATE(), 1);
INSERT INTO Users (U_Id, U_Name, U_LoginName, U_Password, Du_Id, U_Departments, U_Roles, U_Remark, U_AddTime, U_Status) VALUES (10, '刘会文', 'LiuHuiWen', 'BC111B2A0E2ABDB0A74F698C45551DE7'/*xnsw201510*/, 8, '[6]', '[6]', NULL, GETDATE(), 1);
INSERT INTO User_Department (U_Id, D_Id) VALUES (10, 6);
INSERT INTO Users (U_Id, U_Name, U_LoginName, U_Password, Du_Id, U_Departments, U_Roles, U_Remark, U_AddTime, U_Status) VALUES (11, '张丹丹', 'ZhangDanDan', 'BC111B2A0E2ABDB0A74F698C45551DE7'/*xnsw201510*/, NULL, '[6]', '[6]', NULL, GETDATE(), 1);
INSERT INTO User_Department (U_Id, D_Id) VALUES (11, 6);
INSERT INTO Users (U_Id, U_Name, U_LoginName, U_Password, Du_Id, U_Departments, U_Roles, U_Remark, U_AddTime, U_Status) VALUES (12, '肖志崇', 'XiaoZhiChong', 'BC111B2A0E2ABDB0A74F698C45551DE7'/*xnsw201510*/, NULL, '[6]', '[6]', NULL, GETDATE(), 1);
INSERT INTO User_Department (U_Id, D_Id) VALUES (12, 6);
INSERT INTO Users (U_Id, U_Name, U_LoginName, U_Password, Du_Id, U_Departments, U_Roles, U_Remark, U_AddTime, U_Status) VALUES (13, '廖秋芳', 'LiaoQiuFang', 'BC111B2A0E2ABDB0A74F698C45551DE7'/*xnsw201510*/, NULL, '[6]', '[6]', NULL, GETDATE(), 1);
INSERT INTO User_Department (U_Id, D_Id) VALUES (13, 6);
INSERT INTO Users (U_Id, U_Name, U_LoginName, U_Password, Du_Id, U_Departments, U_Roles, U_Remark, U_AddTime, U_Status) VALUES (14, '钟岚', 'ZhongLan', 'BC111B2A0E2ABDB0A74F698C45551DE7'/*xnsw201510*/, NULL, '[6]', '[6]', NULL, GETDATE(), 1);
INSERT INTO User_Department (U_Id, D_Id) VALUES (14, 6);
INSERT INTO Users (U_Id, U_Name, U_LoginName, U_Password, Du_Id, U_Departments, U_Roles, U_Remark, U_AddTime, U_Status) VALUES (15, '刘珊', 'LiuShan', 'BC111B2A0E2ABDB0A74F698C45551DE7'/*xnsw201510*/, NULL, '[6]', '[6]', NULL, GETDATE(), 1);
INSERT INTO User_Department (U_Id, D_Id) VALUES (15, 6);
INSERT INTO Users (U_Id, U_Name, U_LoginName, U_Password, Du_Id, U_Departments, U_Roles, U_Remark, U_AddTime, U_Status) VALUES (16, '何兴章', 'HeXingZhang', 'BC111B2A0E2ABDB0A74F698C45551DE7'/*xnsw201510*/, NULL, '[6]', '[6]', NULL, GETDATE(), 1);
INSERT INTO User_Department (U_Id, D_Id) VALUES (16, 6);
INSERT INTO Duties (Du_Id, Du_Name, Du_Remark, Du_AddTime, Du_Status) VALUES (9, '司机', NULL, GETDATE(), 1);
INSERT INTO Users (U_Id, U_Name, U_LoginName, U_Password, Du_Id, U_Departments, U_Roles, U_Remark, U_AddTime, U_Status) VALUES (17, '陈耀辉', 'ChenYaoHui', 'BC111B2A0E2ABDB0A74F698C45551DE7'/*xnsw201510*/, 9, '[6]', '[6]', NULL, GETDATE(), 1);
INSERT INTO User_Department (U_Id, D_Id) VALUES (17, 6);
INSERT INTO Users (U_Id, U_Name, U_LoginName, U_Password, Du_Id, U_Departments, U_Roles, U_Remark, U_AddTime, U_Status) VALUES (18, '肖森怀', 'XiaoSenHuai', 'BC111B2A0E2ABDB0A74F698C45551DE7'/*xnsw201510*/, 9, '[6]', '[6]', NULL, GETDATE(), 1);
INSERT INTO User_Department (U_Id, D_Id) VALUES (18, 6);
INSERT INTO Users (U_Id, U_Name, U_LoginName, U_Password, Du_Id, U_Departments, U_Roles, U_Remark, U_AddTime, U_Status) VALUES (19, '何益文', 'HeYiWen', 'BC111B2A0E2ABDB0A74F698C45551DE7'/*xnsw201510*/, 9, '[6]', '[6]', NULL, GETDATE(), 1);
INSERT INTO User_Department (U_Id, D_Id) VALUES (19, 6);
INSERT INTO Users (U_Id, U_Name, U_LoginName, U_Password, Du_Id, U_Departments, U_Roles, U_Remark, U_AddTime, U_Status) VALUES (20, '陈文峰', 'ChenWenFeng', 'BC111B2A0E2ABDB0A74F698C45551DE7'/*xnsw201510*/, 9, '[6]', '[6]', NULL, GETDATE(), 1);
INSERT INTO User_Department (U_Id, D_Id) VALUES (20, 6);
INSERT INTO Users (U_Id, U_Name, U_LoginName, U_Password, Du_Id, U_Departments, U_Roles, U_Remark, U_AddTime, U_Status) VALUES (21, '廖春福', 'LiaoChunFu', 'BC111B2A0E2ABDB0A74F698C45551DE7'/*xnsw201510*/, 9, '[6]', '[6]', NULL, GETDATE(), 1);
INSERT INTO User_Department (U_Id, D_Id) VALUES (21, 6);
INSERT INTO Departments (D_Id, D_Name, D_Roles, D_Level, D_Remark, D_AddTime, D_Status) VALUES (7, '税政股', '[7]', '0007', NULL, GETDATE(), 1);
INSERT INTO Roles (R_Id, R_Name, R_Permissions, R_PermissionCategories, R_Remark, R_AddTime, R_Status) VALUES (7, '税政股', '[]', '[]', NULL, GETDATE(), 1);
INSERT INTO Department_Role (D_Id, R_Id) VALUES (7, 7);
INSERT INTO Duties (Du_Id, Du_Name, Du_Remark, Du_AddTime, Du_Status) VALUES (10, '股长', NULL, GETDATE(), 1);
INSERT INTO Users (U_Id, U_Name, U_LoginName, U_Password, Du_Id, U_Departments, U_Roles, U_Remark, U_AddTime, U_Status) VALUES (22, '罗建华', 'LuoJianHua', 'BC111B2A0E2ABDB0A74F698C45551DE7'/*xnsw201510*/, 10, '[7]', '[7]', NULL, GETDATE(), 1);
INSERT INTO User_Department (U_Id, D_Id) VALUES (22, 7);
INSERT INTO Users (U_Id, U_Name, U_LoginName, U_Password, Du_Id, U_Departments, U_Roles, U_Remark, U_AddTime, U_Status) VALUES (23, '郭俊耿', 'GuoJunGeng', 'BC111B2A0E2ABDB0A74F698C45551DE7'/*xnsw201510*/, NULL, '[7]', '[7]', NULL, GETDATE(), 1);
INSERT INTO User_Department (U_Id, D_Id) VALUES (23, 7);
INSERT INTO Users (U_Id, U_Name, U_LoginName, U_Password, Du_Id, U_Departments, U_Roles, U_Remark, U_AddTime, U_Status) VALUES (24, '徐中辉', 'XuZhongHui', 'BC111B2A0E2ABDB0A74F698C45551DE7'/*xnsw201510*/, NULL, '[7]', '[7]', NULL, GETDATE(), 1);
INSERT INTO User_Department (U_Id, D_Id) VALUES (24, 7);
INSERT INTO Duties (Du_Id, Du_Name, Du_Remark, Du_AddTime, Du_Status) VALUES (11, '临工', NULL, GETDATE(), 1);
INSERT INTO Users (U_Id, U_Name, U_LoginName, U_Password, Du_Id, U_Departments, U_Roles, U_Remark, U_AddTime, U_Status) VALUES (25, '廖春利', 'LiaoChunLi', 'BC111B2A0E2ABDB0A74F698C45551DE7'/*xnsw201510*/, 11, '[7]', '[7]', NULL, GETDATE(), 1);
INSERT INTO User_Department (U_Id, D_Id) VALUES (25, 7);
INSERT INTO Departments (D_Id, D_Name, D_Roles, D_Level, D_Remark, D_AddTime, D_Status) VALUES (8, '征管股', '[8]', '0008', NULL, GETDATE(), 1);
INSERT INTO Roles (R_Id, R_Name, R_Permissions, R_PermissionCategories, R_Remark, R_AddTime, R_Status) VALUES (8, '征管股', '[]', '[]', NULL, GETDATE(), 1);
INSERT INTO Department_Role (D_Id, R_Id) VALUES (8, 8);
INSERT INTO Users (U_Id, U_Name, U_LoginName, U_Password, Du_Id, U_Departments, U_Roles, U_Remark, U_AddTime, U_Status) VALUES (26, '张伟', 'ZhangWei', 'BC111B2A0E2ABDB0A74F698C45551DE7'/*xnsw201510*/, 10, '[8]', '[8]', NULL, GETDATE(), 1);
INSERT INTO User_Department (U_Id, D_Id) VALUES (26, 8);
INSERT INTO Duties (Du_Id, Du_Name, Du_Remark, Du_AddTime, Du_Status) VALUES (12, '副股长', NULL, GETDATE(), 1);
INSERT INTO Users (U_Id, U_Name, U_LoginName, U_Password, Du_Id, U_Departments, U_Roles, U_Remark, U_AddTime, U_Status) VALUES (27, '罗标辉', 'LuoBiaoHui', 'BC111B2A0E2ABDB0A74F698C45551DE7'/*xnsw201510*/, 12, '[8]', '[8]', NULL, GETDATE(), 1);
INSERT INTO User_Department (U_Id, D_Id) VALUES (27, 8);
INSERT INTO Users (U_Id, U_Name, U_LoginName, U_Password, Du_Id, U_Departments, U_Roles, U_Remark, U_AddTime, U_Status) VALUES (28, '曾强', 'ZengQiang', 'BC111B2A0E2ABDB0A74F698C45551DE7'/*xnsw201510*/, NULL, '[8]', '[8]', NULL, GETDATE(), 1);
INSERT INTO User_Department (U_Id, D_Id) VALUES (28, 8);
INSERT INTO Users (U_Id, U_Name, U_LoginName, U_Password, Du_Id, U_Departments, U_Roles, U_Remark, U_AddTime, U_Status) VALUES (29, '钟玉', 'ZhongYu', 'BC111B2A0E2ABDB0A74F698C45551DE7'/*xnsw201510*/, NULL, '[8]', '[8]', NULL, GETDATE(), 1);
INSERT INTO User_Department (U_Id, D_Id) VALUES (29, 8);
INSERT INTO Users (U_Id, U_Name, U_LoginName, U_Password, Du_Id, U_Departments, U_Roles, U_Remark, U_AddTime, U_Status) VALUES (30, '刘春梅', 'LiuChunMei', 'BC111B2A0E2ABDB0A74F698C45551DE7'/*xnsw201510*/, NULL, '[8]', '[8]', NULL, GETDATE(), 1);
INSERT INTO User_Department (U_Id, D_Id) VALUES (30, 8);
INSERT INTO Users (U_Id, U_Name, U_LoginName, U_Password, Du_Id, U_Departments, U_Roles, U_Remark, U_AddTime, U_Status) VALUES (31, '彭利锋', 'PengLiFeng', 'BC111B2A0E2ABDB0A74F698C45551DE7'/*xnsw201510*/, NULL, '[8]', '[8]', NULL, GETDATE(), 1);
INSERT INTO User_Department (U_Id, D_Id) VALUES (31, 8);
INSERT INTO Users (U_Id, U_Name, U_LoginName, U_Password, Du_Id, U_Departments, U_Roles, U_Remark, U_AddTime, U_Status) VALUES (32, '吴红中', 'WuHongZhong', 'BC111B2A0E2ABDB0A74F698C45551DE7'/*xnsw201510*/, 8, '[8]', '[8]', NULL, GETDATE(), 1);
INSERT INTO User_Department (U_Id, D_Id) VALUES (32, 8);
INSERT INTO Users (U_Id, U_Name, U_LoginName, U_Password, Du_Id, U_Departments, U_Roles, U_Remark, U_AddTime, U_Status) VALUES (33, '张颖', 'ZhangYing', 'BC111B2A0E2ABDB0A74F698C45551DE7'/*xnsw201510*/, NULL, '[8]', '[8]', NULL, GETDATE(), 1);
INSERT INTO User_Department (U_Id, D_Id) VALUES (33, 8);
INSERT INTO Users (U_Id, U_Name, U_LoginName, U_Password, Du_Id, U_Departments, U_Roles, U_Remark, U_AddTime, U_Status) VALUES (34, '朱雨辰', 'ZhuYuChen', 'BC111B2A0E2ABDB0A74F698C45551DE7'/*xnsw201510*/, 11, '[8]', '[8]', NULL, GETDATE(), 1);
INSERT INTO User_Department (U_Id, D_Id) VALUES (34, 8);
INSERT INTO Duties (Du_Id, Du_Name, Du_Remark, Du_AddTime, Du_Status) VALUES (13, '副分局长', NULL, GETDATE(), 1);
INSERT INTO Users (U_Id, U_Name, U_LoginName, U_Password, Du_Id, U_Departments, U_Roles, U_Remark, U_AddTime, U_Status) VALUES (35, '胡燕芬', 'HuYanFen', 'BC111B2A0E2ABDB0A74F698C45551DE7'/*xnsw201510*/, 13, '[8]', '[8]', NULL, GETDATE(), 1);
INSERT INTO User_Department (U_Id, D_Id) VALUES (35, 8);
INSERT INTO Users (U_Id, U_Name, U_LoginName, U_Password, Du_Id, U_Departments, U_Roles, U_Remark, U_AddTime, U_Status) VALUES (36, '陈远东', 'ChenYuanDong', 'BC111B2A0E2ABDB0A74F698C45551DE7'/*xnsw201510*/, 8, '[8]', '[8]', NULL, GETDATE(), 1);
INSERT INTO User_Department (U_Id, D_Id) VALUES (36, 8);
INSERT INTO Users (U_Id, U_Name, U_LoginName, U_Password, Du_Id, U_Departments, U_Roles, U_Remark, U_AddTime, U_Status) VALUES (37, '曾利方', 'ZengLiFang', 'BC111B2A0E2ABDB0A74F698C45551DE7'/*xnsw201510*/, NULL, '[8]', '[8]', NULL, GETDATE(), 1);
INSERT INTO User_Department (U_Id, D_Id) VALUES (37, 8);
INSERT INTO Users (U_Id, U_Name, U_LoginName, U_Password, Du_Id, U_Departments, U_Roles, U_Remark, U_AddTime, U_Status) VALUES (38, '张添朋', 'ZhangTianPeng', 'BC111B2A0E2ABDB0A74F698C45551DE7'/*xnsw201510*/, NULL, '[8]', '[8]', NULL, GETDATE(), 1);
INSERT INTO User_Department (U_Id, D_Id) VALUES (38, 8);
INSERT INTO Departments (D_Id, D_Name, D_Roles, D_Level, D_Remark, D_AddTime, D_Status) VALUES (9, '人教股', '[9]', '0009', NULL, GETDATE(), 1);
INSERT INTO Roles (R_Id, R_Name, R_Permissions, R_PermissionCategories, R_Remark, R_AddTime, R_Status) VALUES (9, '人教股', '[]', '[]', NULL, GETDATE(), 1);
INSERT INTO Department_Role (D_Id, R_Id) VALUES (9, 9);
INSERT INTO Users (U_Id, U_Name, U_LoginName, U_Password, Du_Id, U_Departments, U_Roles, U_Remark, U_AddTime, U_Status) VALUES (39, '刁向萍', 'DiaoXiangPing', 'BC111B2A0E2ABDB0A74F698C45551DE7'/*xnsw201510*/, 10, '[9]', '[9]', NULL, GETDATE(), 1);
INSERT INTO User_Department (U_Id, D_Id) VALUES (39, 9);
INSERT INTO Duties (Du_Id, Du_Name, Du_Remark, Du_AddTime, Du_Status) VALUES (14, '副主任科员', NULL, GETDATE(), 1);
INSERT INTO Users (U_Id, U_Name, U_LoginName, U_Password, Du_Id, U_Departments, U_Roles, U_Remark, U_AddTime, U_Status) VALUES (40, '张展林', 'ZhangZhanLin', 'BC111B2A0E2ABDB0A74F698C45551DE7'/*xnsw201510*/, 14, '[9]', '[9]', NULL, GETDATE(), 1);
INSERT INTO User_Department (U_Id, D_Id) VALUES (40, 9);
INSERT INTO Users (U_Id, U_Name, U_LoginName, U_Password, Du_Id, U_Departments, U_Roles, U_Remark, U_AddTime, U_Status) VALUES (41, '赖建华', 'LaiJianHua', 'BC111B2A0E2ABDB0A74F698C45551DE7'/*xnsw201510*/, 14, '[9]', '[9]', NULL, GETDATE(), 1);
INSERT INTO User_Department (U_Id, D_Id) VALUES (41, 9);
INSERT INTO Users (U_Id, U_Name, U_LoginName, U_Password, Du_Id, U_Departments, U_Roles, U_Remark, U_AddTime, U_Status) VALUES (42, '刘思明', 'LiuSiMing', 'BC111B2A0E2ABDB0A74F698C45551DE7'/*xnsw201510*/, 14, '[9]', '[9]', NULL, GETDATE(), 1);
INSERT INTO User_Department (U_Id, D_Id) VALUES (42, 9);
INSERT INTO Users (U_Id, U_Name, U_LoginName, U_Password, Du_Id, U_Departments, U_Roles, U_Remark, U_AddTime, U_Status) VALUES (43, '陈伟新', 'ChenWeiXin', 'BC111B2A0E2ABDB0A74F698C45551DE7'/*xnsw201510*/, NULL, '[9]', '[9]', NULL, GETDATE(), 1);
INSERT INTO User_Department (U_Id, D_Id) VALUES (43, 9);
INSERT INTO Users (U_Id, U_Name, U_LoginName, U_Password, Du_Id, U_Departments, U_Roles, U_Remark, U_AddTime, U_Status) VALUES (44, '孙剑波', 'SunJianBo', 'BC111B2A0E2ABDB0A74F698C45551DE7'/*xnsw201510*/, NULL, '[9]', '[9]', NULL, GETDATE(), 1);
INSERT INTO User_Department (U_Id, D_Id) VALUES (44, 9);
INSERT INTO Users (U_Id, U_Name, U_LoginName, U_Password, Du_Id, U_Departments, U_Roles, U_Remark, U_AddTime, U_Status) VALUES (45, '陈佳伟', 'ChenJiaWei', 'BC111B2A0E2ABDB0A74F698C45551DE7'/*xnsw201510*/, NULL, '[9]', '[9]', NULL, GETDATE(), 1);
INSERT INTO User_Department (U_Id, D_Id) VALUES (45, 9);
INSERT INTO Departments (D_Id, D_Name, D_Roles, D_Level, D_Remark, D_AddTime, D_Status) VALUES (10, '监察室', '[10]', '00010', NULL, GETDATE(), 1);
INSERT INTO Roles (R_Id, R_Name, R_Permissions, R_PermissionCategories, R_Remark, R_AddTime, R_Status) VALUES (10, '监察室', '[]', '[]', NULL, GETDATE(), 1);
INSERT INTO Department_Role (D_Id, R_Id) VALUES (10, 10);
INSERT INTO Users (U_Id, U_Name, U_LoginName, U_Password, Du_Id, U_Departments, U_Roles, U_Remark, U_AddTime, U_Status) VALUES (46, '钟玩章', 'ZhongWanZhang', 'BC111B2A0E2ABDB0A74F698C45551DE7'/*xnsw201510*/, 6, '[10]', '[10]', NULL, GETDATE(), 1);
INSERT INTO User_Department (U_Id, D_Id) VALUES (46, 10);
INSERT INTO Users (U_Id, U_Name, U_LoginName, U_Password, Du_Id, U_Departments, U_Roles, U_Remark, U_AddTime, U_Status) VALUES (47, '李荣怀', 'LiRongHuai', 'BC111B2A0E2ABDB0A74F698C45551DE7'/*xnsw201510*/, 8, '[10]', '[10]', NULL, GETDATE(), 1);
INSERT INTO User_Department (U_Id, D_Id) VALUES (47, 10);
INSERT INTO Departments (D_Id, D_Name, D_Roles, D_Level, D_Remark, D_AddTime, D_Status) VALUES (11, '纳税服务股', '[11]', '00011', NULL, GETDATE(), 1);
INSERT INTO Roles (R_Id, R_Name, R_Permissions, R_PermissionCategories, R_Remark, R_AddTime, R_Status) VALUES (11, '纳税服务股', '[]', '[]', NULL, GETDATE(), 1);
INSERT INTO Department_Role (D_Id, R_Id) VALUES (11, 11);
INSERT INTO Users (U_Id, U_Name, U_LoginName, U_Password, Du_Id, U_Departments, U_Roles, U_Remark, U_AddTime, U_Status) VALUES (48, '蔡伟政', 'CaiWeiZheng', 'BC111B2A0E2ABDB0A74F698C45551DE7'/*xnsw201510*/, 10, '[11]', '[11]', NULL, GETDATE(), 1);
INSERT INTO User_Department (U_Id, D_Id) VALUES (48, 11);
INSERT INTO Users (U_Id, U_Name, U_LoginName, U_Password, Du_Id, U_Departments, U_Roles, U_Remark, U_AddTime, U_Status) VALUES (49, '陈伟苑', 'ChenWeiYuan', 'BC111B2A0E2ABDB0A74F698C45551DE7'/*xnsw201510*/, NULL, '[11]', '[11]', NULL, GETDATE(), 1);
INSERT INTO User_Department (U_Id, D_Id) VALUES (49, 11);
INSERT INTO Duties (Du_Id, Du_Name, Du_Remark, Du_AddTime, Du_Status) VALUES (15, '协税员', NULL, GETDATE(), 1);
INSERT INTO Users (U_Id, U_Name, U_LoginName, U_Password, Du_Id, U_Departments, U_Roles, U_Remark, U_AddTime, U_Status) VALUES (50, '林丹', 'LinDan', 'BC111B2A0E2ABDB0A74F698C45551DE7'/*xnsw201510*/, 15, '[11]', '[11]', NULL, GETDATE(), 1);
INSERT INTO User_Department (U_Id, D_Id) VALUES (50, 11);
INSERT INTO Departments (D_Id, D_Name, D_Roles, D_Level, D_Remark, D_AddTime, D_Status) VALUES (12, '稽查局', '[12]', '00012', NULL, GETDATE(), 1);
INSERT INTO Roles (R_Id, R_Name, R_Permissions, R_PermissionCategories, R_Remark, R_AddTime, R_Status) VALUES (12, '稽查局', '[]', '[]', NULL, GETDATE(), 1);
INSERT INTO Department_Role (D_Id, R_Id) VALUES (12, 12);
INSERT INTO Users (U_Id, U_Name, U_LoginName, U_Password, Du_Id, U_Departments, U_Roles, U_Remark, U_AddTime, U_Status) VALUES (51, '刘波', 'LiuBo', 'BC111B2A0E2ABDB0A74F698C45551DE7'/*xnsw201510*/, 2, '[12]', '[12]', NULL, GETDATE(), 1);
INSERT INTO User_Department (U_Id, D_Id) VALUES (51, 12);
INSERT INTO Users (U_Id, U_Name, U_LoginName, U_Password, Du_Id, U_Departments, U_Roles, U_Remark, U_AddTime, U_Status) VALUES (52, '吴焕昌', 'WuHuanChang', 'BC111B2A0E2ABDB0A74F698C45551DE7'/*xnsw201510*/, 3, '[12]', '[12]', NULL, GETDATE(), 1);
INSERT INTO User_Department (U_Id, D_Id) VALUES (52, 12);
INSERT INTO Duties (Du_Id, Du_Name, Du_Remark, Du_AddTime, Du_Status) VALUES (16, '办公室副主任', NULL, GETDATE(), 1);
INSERT INTO Users (U_Id, U_Name, U_LoginName, U_Password, Du_Id, U_Departments, U_Roles, U_Remark, U_AddTime, U_Status) VALUES (53, '钟云彬', 'ZhongYunBin', 'BC111B2A0E2ABDB0A74F698C45551DE7'/*xnsw201510*/, 16, '[12]', '[12]', NULL, GETDATE(), 1);
INSERT INTO User_Department (U_Id, D_Id) VALUES (53, 12);
INSERT INTO Users (U_Id, U_Name, U_LoginName, U_Password, Du_Id, U_Departments, U_Roles, U_Remark, U_AddTime, U_Status) VALUES (54, '刘坤', 'LiuKun', 'BC111B2A0E2ABDB0A74F698C45551DE7'/*xnsw201510*/, NULL, '[12]', '[12]', NULL, GETDATE(), 1);
INSERT INTO User_Department (U_Id, D_Id) VALUES (54, 12);
INSERT INTO Duties (Du_Id, Du_Name, Du_Remark, Du_AddTime, Du_Status) VALUES (17, '稽查股股长', NULL, GETDATE(), 1);
INSERT INTO Users (U_Id, U_Name, U_LoginName, U_Password, Du_Id, U_Departments, U_Roles, U_Remark, U_AddTime, U_Status) VALUES (55, '潘建强', 'PanJianQiang', 'BC111B2A0E2ABDB0A74F698C45551DE7'/*xnsw201510*/, 17, '[12]', '[12]', NULL, GETDATE(), 1);
INSERT INTO User_Department (U_Id, D_Id) VALUES (55, 12);
INSERT INTO Duties (Du_Id, Du_Name, Du_Remark, Du_AddTime, Du_Status) VALUES (18, '稽查股副股长', NULL, GETDATE(), 1);
INSERT INTO Users (U_Id, U_Name, U_LoginName, U_Password, Du_Id, U_Departments, U_Roles, U_Remark, U_AddTime, U_Status) VALUES (56, '黄永新', 'HuangYongXin', 'BC111B2A0E2ABDB0A74F698C45551DE7'/*xnsw201510*/, 18, '[12]', '[12]', NULL, GETDATE(), 1);
INSERT INTO User_Department (U_Id, D_Id) VALUES (56, 12);
INSERT INTO Users (U_Id, U_Name, U_LoginName, U_Password, Du_Id, U_Departments, U_Roles, U_Remark, U_AddTime, U_Status) VALUES (57, '罗俊辉', 'LuoJunHui', 'BC111B2A0E2ABDB0A74F698C45551DE7'/*xnsw201510*/, NULL, '[12]', '[12]', NULL, GETDATE(), 1);
INSERT INTO User_Department (U_Id, D_Id) VALUES (57, 12);
INSERT INTO Duties (Du_Id, Du_Name, Du_Remark, Du_AddTime, Du_Status) VALUES (19, '审理股副股长', NULL, GETDATE(), 1);
INSERT INTO Users (U_Id, U_Name, U_LoginName, U_Password, Du_Id, U_Departments, U_Roles, U_Remark, U_AddTime, U_Status) VALUES (58, '陈冲', 'ChenChong', 'BC111B2A0E2ABDB0A74F698C45551DE7'/*xnsw201510*/, 19, '[12]', '[12]', NULL, GETDATE(), 1);
INSERT INTO User_Department (U_Id, D_Id) VALUES (58, 12);
INSERT INTO Users (U_Id, U_Name, U_LoginName, U_Password, Du_Id, U_Departments, U_Roles, U_Remark, U_AddTime, U_Status) VALUES (59, '龚浩', 'GongHao', 'BC111B2A0E2ABDB0A74F698C45551DE7'/*xnsw201510*/, NULL, '[12]', '[12]', NULL, GETDATE(), 1);
INSERT INTO User_Department (U_Id, D_Id) VALUES (59, 12);
INSERT INTO Duties (Du_Id, Du_Name, Du_Remark, Du_AddTime, Du_Status) VALUES (20, '执行股股长', NULL, GETDATE(), 1);
INSERT INTO Users (U_Id, U_Name, U_LoginName, U_Password, Du_Id, U_Departments, U_Roles, U_Remark, U_AddTime, U_Status) VALUES (60, '孙佑新', 'SunYouXin', 'BC111B2A0E2ABDB0A74F698C45551DE7'/*xnsw201510*/, 20, '[12]', '[12]', NULL, GETDATE(), 1);
INSERT INTO User_Department (U_Id, D_Id) VALUES (60, 12);
INSERT INTO Users (U_Id, U_Name, U_LoginName, U_Password, Du_Id, U_Departments, U_Roles, U_Remark, U_AddTime, U_Status) VALUES (61, '钟明', 'ZhongMing', 'BC111B2A0E2ABDB0A74F698C45551DE7'/*xnsw201510*/, NULL, '[12]', '[12]', NULL, GETDATE(), 1);
INSERT INTO User_Department (U_Id, D_Id) VALUES (61, 12);
INSERT INTO Departments (D_Id, D_Name, D_Roles, D_Level, D_Remark, D_AddTime, D_Status) VALUES (13, '新陂分局（大税源管理分局） ', '[13]', '00013', NULL, GETDATE(), 1);
INSERT INTO Roles (R_Id, R_Name, R_Permissions, R_PermissionCategories, R_Remark, R_AddTime, R_Status) VALUES (13, '新陂分局（大税源管理分局） ', '[]', '[]', NULL, GETDATE(), 1);
INSERT INTO Department_Role (D_Id, R_Id) VALUES (13, 13);
INSERT INTO Duties (Du_Id, Du_Name, Du_Remark, Du_AddTime, Du_Status) VALUES (21, '分局长', NULL, GETDATE(), 1);
INSERT INTO Users (U_Id, U_Name, U_LoginName, U_Password, Du_Id, U_Departments, U_Roles, U_Remark, U_AddTime, U_Status) VALUES (62, '陈启东', 'ChenQiDong', 'BC111B2A0E2ABDB0A74F698C45551DE7'/*xnsw201510*/, 21, '[13]', '[13]', NULL, GETDATE(), 1);
INSERT INTO User_Department (U_Id, D_Id) VALUES (62, 13);
INSERT INTO Duties (Du_Id, Du_Name, Du_Remark, Du_AddTime, Du_Status) VALUES (22, '专职监察员', NULL, GETDATE(), 1);
INSERT INTO Users (U_Id, U_Name, U_LoginName, U_Password, Du_Id, U_Departments, U_Roles, U_Remark, U_AddTime, U_Status) VALUES (63, '刘红', 'LiuHong', 'BC111B2A0E2ABDB0A74F698C45551DE7'/*xnsw201510*/, 22, '[13]', '[13]', NULL, GETDATE(), 1);
INSERT INTO User_Department (U_Id, D_Id) VALUES (63, 13);
INSERT INTO Users (U_Id, U_Name, U_LoginName, U_Password, Du_Id, U_Departments, U_Roles, U_Remark, U_AddTime, U_Status) VALUES (64, '彭伟林', 'PengWeiLin', 'BC111B2A0E2ABDB0A74F698C45551DE7'/*xnsw201510*/, 13, '[13]', '[13]', NULL, GETDATE(), 1);
INSERT INTO User_Department (U_Id, D_Id) VALUES (64, 13);
INSERT INTO Users (U_Id, U_Name, U_LoginName, U_Password, Du_Id, U_Departments, U_Roles, U_Remark, U_AddTime, U_Status) VALUES (65, '伍伟清', 'WuWeiQing', 'BC111B2A0E2ABDB0A74F698C45551DE7'/*xnsw201510*/, NULL, '[13]', '[13]', NULL, GETDATE(), 1);
INSERT INTO User_Department (U_Id, D_Id) VALUES (65, 13);
INSERT INTO Users (U_Id, U_Name, U_LoginName, U_Password, Du_Id, U_Departments, U_Roles, U_Remark, U_AddTime, U_Status) VALUES (66, '黄志高', 'HuangZhiGao', 'BC111B2A0E2ABDB0A74F698C45551DE7'/*xnsw201510*/, NULL, '[13]', '[13]', NULL, GETDATE(), 1);
INSERT INTO User_Department (U_Id, D_Id) VALUES (66, 13);
INSERT INTO Users (U_Id, U_Name, U_LoginName, U_Password, Du_Id, U_Departments, U_Roles, U_Remark, U_AddTime, U_Status) VALUES (67, '黄侃炎', 'HuangKanYan', 'BC111B2A0E2ABDB0A74F698C45551DE7'/*xnsw201510*/, NULL, '[13]', '[13]', NULL, GETDATE(), 1);
INSERT INTO User_Department (U_Id, D_Id) VALUES (67, 13);
INSERT INTO Users (U_Id, U_Name, U_LoginName, U_Password, Du_Id, U_Departments, U_Roles, U_Remark, U_AddTime, U_Status) VALUES (68, '刘光平', 'LiuGuangPing', 'BC111B2A0E2ABDB0A74F698C45551DE7'/*xnsw201510*/, NULL, '[13]', '[13]', NULL, GETDATE(), 1);
INSERT INTO User_Department (U_Id, D_Id) VALUES (68, 13);
INSERT INTO Users (U_Id, U_Name, U_LoginName, U_Password, Du_Id, U_Departments, U_Roles, U_Remark, U_AddTime, U_Status) VALUES (69, '温启华', 'WenQiHua', 'BC111B2A0E2ABDB0A74F698C45551DE7'/*xnsw201510*/, NULL, '[13]', '[13]', NULL, GETDATE(), 1);
INSERT INTO User_Department (U_Id, D_Id) VALUES (69, 13);
INSERT INTO Users (U_Id, U_Name, U_LoginName, U_Password, Du_Id, U_Departments, U_Roles, U_Remark, U_AddTime, U_Status) VALUES (70, '林集', 'LinJi', 'BC111B2A0E2ABDB0A74F698C45551DE7'/*xnsw201510*/, NULL, '[13]', '[13]', NULL, GETDATE(), 1);
INSERT INTO User_Department (U_Id, D_Id) VALUES (70, 13);
INSERT INTO Users (U_Id, U_Name, U_LoginName, U_Password, Du_Id, U_Departments, U_Roles, U_Remark, U_AddTime, U_Status) VALUES (71, '刁雄', 'DiaoXiong', 'BC111B2A0E2ABDB0A74F698C45551DE7'/*xnsw201510*/, NULL, '[13]', '[13]', NULL, GETDATE(), 1);
INSERT INTO User_Department (U_Id, D_Id) VALUES (71, 13);
INSERT INTO Users (U_Id, U_Name, U_LoginName, U_Password, Du_Id, U_Departments, U_Roles, U_Remark, U_AddTime, U_Status) VALUES (72, '毛建军', 'MaoJianJun', 'BC111B2A0E2ABDB0A74F698C45551DE7'/*xnsw201510*/, NULL, '[13]', '[13]', NULL, GETDATE(), 1);
INSERT INTO User_Department (U_Id, D_Id) VALUES (72, 13);
INSERT INTO Users (U_Id, U_Name, U_LoginName, U_Password, Du_Id, U_Departments, U_Roles, U_Remark, U_AddTime, U_Status) VALUES (73, '刘仿新', 'LiuFangXin', 'BC111B2A0E2ABDB0A74F698C45551DE7'/*xnsw201510*/, NULL, '[13]', '[13]', NULL, GETDATE(), 1);
INSERT INTO User_Department (U_Id, D_Id) VALUES (73, 13);
INSERT INTO Users (U_Id, U_Name, U_LoginName, U_Password, Du_Id, U_Departments, U_Roles, U_Remark, U_AddTime, U_Status) VALUES (74, '罗源', 'LuoYuan', 'BC111B2A0E2ABDB0A74F698C45551DE7'/*xnsw201510*/, NULL, '[13]', '[13]', NULL, GETDATE(), 1);
INSERT INTO User_Department (U_Id, D_Id) VALUES (74, 13);
INSERT INTO Users (U_Id, U_Name, U_LoginName, U_Password, Du_Id, U_Departments, U_Roles, U_Remark, U_AddTime, U_Status) VALUES (75, '王永东', 'WangYongDong', 'BC111B2A0E2ABDB0A74F698C45551DE7'/*xnsw201510*/, NULL, '[13]', '[13]', NULL, GETDATE(), 1);
INSERT INTO User_Department (U_Id, D_Id) VALUES (75, 13);
INSERT INTO Users (U_Id, U_Name, U_LoginName, U_Password, Du_Id, U_Departments, U_Roles, U_Remark, U_AddTime, U_Status) VALUES (76, '余理键', 'YuLiJian', 'BC111B2A0E2ABDB0A74F698C45551DE7'/*xnsw201510*/, NULL, '[13]', '[13]', NULL, GETDATE(), 1);
INSERT INTO User_Department (U_Id, D_Id) VALUES (76, 13);
INSERT INTO Users (U_Id, U_Name, U_LoginName, U_Password, Du_Id, U_Departments, U_Roles, U_Remark, U_AddTime, U_Status) VALUES (77, '戴文锋', 'DaiWenFeng', 'BC111B2A0E2ABDB0A74F698C45551DE7'/*xnsw201510*/, NULL, '[13]', '[13]', NULL, GETDATE(), 1);
INSERT INTO User_Department (U_Id, D_Id) VALUES (77, 13);
INSERT INTO Users (U_Id, U_Name, U_LoginName, U_Password, Du_Id, U_Departments, U_Roles, U_Remark, U_AddTime, U_Status) VALUES (78, '钟荣榜', 'ZhongRongBang', 'BC111B2A0E2ABDB0A74F698C45551DE7'/*xnsw201510*/, NULL, '[13]', '[13]', NULL, GETDATE(), 1);
INSERT INTO User_Department (U_Id, D_Id) VALUES (78, 13);
INSERT INTO Departments (D_Id, D_Name, D_Roles, D_Level, D_Remark, D_AddTime, D_Status) VALUES (14, '宁中分局（一般税源管理分局）', '[14]', '00014', NULL, GETDATE(), 1);
INSERT INTO Roles (R_Id, R_Name, R_Permissions, R_PermissionCategories, R_Remark, R_AddTime, R_Status) VALUES (14, '宁中分局（一般税源管理分局）', '[]', '[]', NULL, GETDATE(), 1);
INSERT INTO Department_Role (D_Id, R_Id) VALUES (14, 14);
INSERT INTO Users (U_Id, U_Name, U_LoginName, U_Password, Du_Id, U_Departments, U_Roles, U_Remark, U_AddTime, U_Status) VALUES (79, '王新', 'WangXin', 'BC111B2A0E2ABDB0A74F698C45551DE7'/*xnsw201510*/, 21, '[14]', '[14]', NULL, GETDATE(), 1);
INSERT INTO User_Department (U_Id, D_Id) VALUES (79, 14);
INSERT INTO Users (U_Id, U_Name, U_LoginName, U_Password, Du_Id, U_Departments, U_Roles, U_Remark, U_AddTime, U_Status) VALUES (80, '罗洪波', 'LuoHongBo', 'BC111B2A0E2ABDB0A74F698C45551DE7'/*xnsw201510*/, 22, '[14]', '[14]', NULL, GETDATE(), 1);
INSERT INTO User_Department (U_Id, D_Id) VALUES (80, 14);
INSERT INTO Users (U_Id, U_Name, U_LoginName, U_Password, Du_Id, U_Departments, U_Roles, U_Remark, U_AddTime, U_Status) VALUES (81, '李永红', 'LiYongHong', 'BC111B2A0E2ABDB0A74F698C45551DE7'/*xnsw201510*/, 13, '[14]', '[14]', NULL, GETDATE(), 1);
INSERT INTO User_Department (U_Id, D_Id) VALUES (81, 14);
INSERT INTO Users (U_Id, U_Name, U_LoginName, U_Password, Du_Id, U_Departments, U_Roles, U_Remark, U_AddTime, U_Status) VALUES (82, '陈庆辉', 'ChenQingHui', 'BC111B2A0E2ABDB0A74F698C45551DE7'/*xnsw201510*/, 13, '[14]', '[14]', NULL, GETDATE(), 1);
INSERT INTO User_Department (U_Id, D_Id) VALUES (82, 14);
INSERT INTO Users (U_Id, U_Name, U_LoginName, U_Password, Du_Id, U_Departments, U_Roles, U_Remark, U_AddTime, U_Status) VALUES (83, '罗志红', 'LuoZhiHong', 'BC111B2A0E2ABDB0A74F698C45551DE7'/*xnsw201510*/, 8, '[14]', '[14]', NULL, GETDATE(), 1);
INSERT INTO User_Department (U_Id, D_Id) VALUES (83, 14);
INSERT INTO Users (U_Id, U_Name, U_LoginName, U_Password, Du_Id, U_Departments, U_Roles, U_Remark, U_AddTime, U_Status) VALUES (84, '罗小明', 'LuoXiaoMing', 'BC111B2A0E2ABDB0A74F698C45551DE7'/*xnsw201510*/, 8, '[14]', '[14]', NULL, GETDATE(), 1);
INSERT INTO User_Department (U_Id, D_Id) VALUES (84, 14);
INSERT INTO Users (U_Id, U_Name, U_LoginName, U_Password, Du_Id, U_Departments, U_Roles, U_Remark, U_AddTime, U_Status) VALUES (85, '吴思科', 'WuSiKe', 'BC111B2A0E2ABDB0A74F698C45551DE7'/*xnsw201510*/, NULL, '[14]', '[14]', NULL, GETDATE(), 1);
INSERT INTO User_Department (U_Id, D_Id) VALUES (85, 14);
INSERT INTO Users (U_Id, U_Name, U_LoginName, U_Password, Du_Id, U_Departments, U_Roles, U_Remark, U_AddTime, U_Status) VALUES (86, '黄浩', 'HuangHao', 'BC111B2A0E2ABDB0A74F698C45551DE7'/*xnsw201510*/, NULL, '[14]', '[14]', NULL, GETDATE(), 1);
INSERT INTO User_Department (U_Id, D_Id) VALUES (86, 14);
INSERT INTO Users (U_Id, U_Name, U_LoginName, U_Password, Du_Id, U_Departments, U_Roles, U_Remark, U_AddTime, U_Status) VALUES (87, '童茂汕', 'TongMaoShan', 'BC111B2A0E2ABDB0A74F698C45551DE7'/*xnsw201510*/, NULL, '[14]', '[14]', NULL, GETDATE(), 1);
INSERT INTO User_Department (U_Id, D_Id) VALUES (87, 14);
INSERT INTO Users (U_Id, U_Name, U_LoginName, U_Password, Du_Id, U_Departments, U_Roles, U_Remark, U_AddTime, U_Status) VALUES (88, '陈建中', 'ChenJianZhong', 'BC111B2A0E2ABDB0A74F698C45551DE7'/*xnsw201510*/, NULL, '[14]', '[14]', NULL, GETDATE(), 1);
INSERT INTO User_Department (U_Id, D_Id) VALUES (88, 14);
INSERT INTO Users (U_Id, U_Name, U_LoginName, U_Password, Du_Id, U_Departments, U_Roles, U_Remark, U_AddTime, U_Status) VALUES (89, '张新伟', 'ZhangXinWei', 'BC111B2A0E2ABDB0A74F698C45551DE7'/*xnsw201510*/, NULL, '[14]', '[14]', NULL, GETDATE(), 1);
INSERT INTO User_Department (U_Id, D_Id) VALUES (89, 14);
INSERT INTO Users (U_Id, U_Name, U_LoginName, U_Password, Du_Id, U_Departments, U_Roles, U_Remark, U_AddTime, U_Status) VALUES (90, '张运华', 'ZhangYunHua', 'BC111B2A0E2ABDB0A74F698C45551DE7'/*xnsw201510*/, NULL, '[14]', '[14]', NULL, GETDATE(), 1);
INSERT INTO User_Department (U_Id, D_Id) VALUES (90, 14);
INSERT INTO Users (U_Id, U_Name, U_LoginName, U_Password, Du_Id, U_Departments, U_Roles, U_Remark, U_AddTime, U_Status) VALUES (91, '陈定金', 'ChenDingJin', 'BC111B2A0E2ABDB0A74F698C45551DE7'/*xnsw201510*/, NULL, '[14]', '[14]', NULL, GETDATE(), 1);
INSERT INTO User_Department (U_Id, D_Id) VALUES (91, 14);
INSERT INTO Users (U_Id, U_Name, U_LoginName, U_Password, Du_Id, U_Departments, U_Roles, U_Remark, U_AddTime, U_Status) VALUES (92, '陈新宏', 'ChenXinHong', 'BC111B2A0E2ABDB0A74F698C45551DE7'/*xnsw201510*/, NULL, '[14]', '[14]', NULL, GETDATE(), 1);
INSERT INTO User_Department (U_Id, D_Id) VALUES (92, 14);
INSERT INTO Users (U_Id, U_Name, U_LoginName, U_Password, Du_Id, U_Departments, U_Roles, U_Remark, U_AddTime, U_Status) VALUES (93, '李凡', 'LiFan', 'BC111B2A0E2ABDB0A74F698C45551DE7'/*xnsw201510*/, NULL, '[14]', '[14]', NULL, GETDATE(), 1);
INSERT INTO User_Department (U_Id, D_Id) VALUES (93, 14);
INSERT INTO Users (U_Id, U_Name, U_LoginName, U_Password, Du_Id, U_Departments, U_Roles, U_Remark, U_AddTime, U_Status) VALUES (94, '黄斯列', 'HuangSiLie', 'BC111B2A0E2ABDB0A74F698C45551DE7'/*xnsw201510*/, NULL, '[14]', '[14]', NULL, GETDATE(), 1);
INSERT INTO User_Department (U_Id, D_Id) VALUES (94, 14);
INSERT INTO Users (U_Id, U_Name, U_LoginName, U_Password, Du_Id, U_Departments, U_Roles, U_Remark, U_AddTime, U_Status) VALUES (95, '刘森朋', 'LiuSenPeng', 'BC111B2A0E2ABDB0A74F698C45551DE7'/*xnsw201510*/, NULL, '[14]', '[14]', NULL, GETDATE(), 1);
INSERT INTO User_Department (U_Id, D_Id) VALUES (95, 14);
INSERT INTO Users (U_Id, U_Name, U_LoginName, U_Password, Du_Id, U_Departments, U_Roles, U_Remark, U_AddTime, U_Status) VALUES (96, '王福群', 'WangFuQun', 'BC111B2A0E2ABDB0A74F698C45551DE7'/*xnsw201510*/, NULL, '[14]', '[14]', NULL, GETDATE(), 1);
INSERT INTO User_Department (U_Id, D_Id) VALUES (96, 14);
INSERT INTO Users (U_Id, U_Name, U_LoginName, U_Password, Du_Id, U_Departments, U_Roles, U_Remark, U_AddTime, U_Status) VALUES (97, '刘山权', 'LiuShanQuan', 'BC111B2A0E2ABDB0A74F698C45551DE7'/*xnsw201510*/, NULL, '[14]', '[14]', NULL, GETDATE(), 1);
INSERT INTO User_Department (U_Id, D_Id) VALUES (97, 14);
INSERT INTO Users (U_Id, U_Name, U_LoginName, U_Password, Du_Id, U_Departments, U_Roles, U_Remark, U_AddTime, U_Status) VALUES (98, '王宁华', 'WangNingHua', 'BC111B2A0E2ABDB0A74F698C45551DE7'/*xnsw201510*/, NULL, '[14]', '[14]', NULL, GETDATE(), 1);
INSERT INTO User_Department (U_Id, D_Id) VALUES (98, 14);
INSERT INTO Users (U_Id, U_Name, U_LoginName, U_Password, Du_Id, U_Departments, U_Roles, U_Remark, U_AddTime, U_Status) VALUES (99, '林顺兴', 'LinShunXing', 'BC111B2A0E2ABDB0A74F698C45551DE7'/*xnsw201510*/, NULL, '[14]', '[14]', NULL, GETDATE(), 1);
INSERT INTO User_Department (U_Id, D_Id) VALUES (99, 14);
INSERT INTO Users (U_Id, U_Name, U_LoginName, U_Password, Du_Id, U_Departments, U_Roles, U_Remark, U_AddTime, U_Status) VALUES (100, '高汉明', 'GaoHanMing', 'BC111B2A0E2ABDB0A74F698C45551DE7'/*xnsw201510*/, NULL, '[14]', '[14]', NULL, GETDATE(), 1);
INSERT INTO User_Department (U_Id, D_Id) VALUES (100, 14);
INSERT INTO Users (U_Id, U_Name, U_LoginName, U_Password, Du_Id, U_Departments, U_Roles, U_Remark, U_AddTime, U_Status) VALUES (101, '罗万能', 'LuoWanNen', 'BC111B2A0E2ABDB0A74F698C45551DE7'/*xnsw201510*/, NULL, '[14]', '[14]', NULL, GETDATE(), 1);
INSERT INTO User_Department (U_Id, D_Id) VALUES (101, 14);
INSERT INTO Users (U_Id, U_Name, U_LoginName, U_Password, Du_Id, U_Departments, U_Roles, U_Remark, U_AddTime, U_Status) VALUES (102, '陈益辉', 'ChenYiHui', 'BC111B2A0E2ABDB0A74F698C45551DE7'/*xnsw201510*/, NULL, '[14]', '[14]', NULL, GETDATE(), 1);
INSERT INTO User_Department (U_Id, D_Id) VALUES (102, 14);
INSERT INTO Users (U_Id, U_Name, U_LoginName, U_Password, Du_Id, U_Departments, U_Roles, U_Remark, U_AddTime, U_Status) VALUES (103, '曾金泉', 'ZengJinQuan', 'BC111B2A0E2ABDB0A74F698C45551DE7'/*xnsw201510*/, NULL, '[14]', '[14]', NULL, GETDATE(), 1);
INSERT INTO User_Department (U_Id, D_Id) VALUES (103, 14);
INSERT INTO Users (U_Id, U_Name, U_LoginName, U_Password, Du_Id, U_Departments, U_Roles, U_Remark, U_AddTime, U_Status) VALUES (104, '张明才', 'ZhangMingCai', 'BC111B2A0E2ABDB0A74F698C45551DE7'/*xnsw201510*/, NULL, '[14]', '[14]', NULL, GETDATE(), 1);
INSERT INTO User_Department (U_Id, D_Id) VALUES (104, 14);
INSERT INTO Users (U_Id, U_Name, U_LoginName, U_Password, Du_Id, U_Departments, U_Roles, U_Remark, U_AddTime, U_Status) VALUES (105, '陈卫民', 'ChenWeiMin', 'BC111B2A0E2ABDB0A74F698C45551DE7'/*xnsw201510*/, NULL, '[14]', '[14]', NULL, GETDATE(), 1);
INSERT INTO User_Department (U_Id, D_Id) VALUES (105, 14);
INSERT INTO Users (U_Id, U_Name, U_LoginName, U_Password, Du_Id, U_Departments, U_Roles, U_Remark, U_AddTime, U_Status) VALUES (106, '张建东', 'ZhangJianDong', 'BC111B2A0E2ABDB0A74F698C45551DE7'/*xnsw201510*/, NULL, '[14]', '[14]', NULL, GETDATE(), 1);
INSERT INTO User_Department (U_Id, D_Id) VALUES (106, 14);
INSERT INTO Users (U_Id, U_Name, U_LoginName, U_Password, Du_Id, U_Departments, U_Roles, U_Remark, U_AddTime, U_Status) VALUES (107, '刘秋慧', 'LiuQiuHui', 'BC111B2A0E2ABDB0A74F698C45551DE7'/*xnsw201510*/, NULL, '[14]', '[14]', NULL, GETDATE(), 1);
INSERT INTO User_Department (U_Id, D_Id) VALUES (107, 14);
INSERT INTO Users (U_Id, U_Name, U_LoginName, U_Password, Du_Id, U_Departments, U_Roles, U_Remark, U_AddTime, U_Status) VALUES (108, '黄育清', 'HuangYuQing', 'BC111B2A0E2ABDB0A74F698C45551DE7'/*xnsw201510*/, NULL, '[14]', '[14]', NULL, GETDATE(), 1);
INSERT INTO User_Department (U_Id, D_Id) VALUES (108, 14);
INSERT INTO Users (U_Id, U_Name, U_LoginName, U_Password, Du_Id, U_Departments, U_Roles, U_Remark, U_AddTime, U_Status) VALUES (109, '李文光', 'LiWenGuang', 'BC111B2A0E2ABDB0A74F698C45551DE7'/*xnsw201510*/, NULL, '[14]', '[14]', NULL, GETDATE(), 1);
INSERT INTO User_Department (U_Id, D_Id) VALUES (109, 14);
INSERT INTO Users (U_Id, U_Name, U_LoginName, U_Password, Du_Id, U_Departments, U_Roles, U_Remark, U_AddTime, U_Status) VALUES (110, '幸伟越', 'XingWeiYue', 'BC111B2A0E2ABDB0A74F698C45551DE7'/*xnsw201510*/, NULL, '[14]', '[14]', NULL, GETDATE(), 1);
INSERT INTO User_Department (U_Id, D_Id) VALUES (110, 14);
INSERT INTO Users (U_Id, U_Name, U_LoginName, U_Password, Du_Id, U_Departments, U_Roles, U_Remark, U_AddTime, U_Status) VALUES (111, '李汉来', 'LiHanLai', 'BC111B2A0E2ABDB0A74F698C45551DE7'/*xnsw201510*/, NULL, '[14]', '[14]', NULL, GETDATE(), 1);
INSERT INTO User_Department (U_Id, D_Id) VALUES (111, 14);
INSERT INTO Users (U_Id, U_Name, U_LoginName, U_Password, Du_Id, U_Departments, U_Roles, U_Remark, U_AddTime, U_Status) VALUES (112, '曾洪辉', 'ZengHongHui', 'BC111B2A0E2ABDB0A74F698C45551DE7'/*xnsw201510*/, NULL, '[14]', '[14]', NULL, GETDATE(), 1);
INSERT INTO User_Department (U_Id, D_Id) VALUES (112, 14);
INSERT INTO Users (U_Id, U_Name, U_LoginName, U_Password, Du_Id, U_Departments, U_Roles, U_Remark, U_AddTime, U_Status) VALUES (113, '刁伟金', 'DiaoWeiJin', 'BC111B2A0E2ABDB0A74F698C45551DE7'/*xnsw201510*/, NULL, '[14]', '[14]', NULL, GETDATE(), 1);
INSERT INTO User_Department (U_Id, D_Id) VALUES (113, 14);
INSERT INTO Users (U_Id, U_Name, U_LoginName, U_Password, Du_Id, U_Departments, U_Roles, U_Remark, U_AddTime, U_Status) VALUES (114, '林远松', 'LinYuanSong', 'BC111B2A0E2ABDB0A74F698C45551DE7'/*xnsw201510*/, NULL, '[14]', '[14]', NULL, GETDATE(), 1);
INSERT INTO User_Department (U_Id, D_Id) VALUES (114, 14);
INSERT INTO Users (U_Id, U_Name, U_LoginName, U_Password, Du_Id, U_Departments, U_Roles, U_Remark, U_AddTime, U_Status) VALUES (115, '曾国强', 'ZengGuoQiang', 'BC111B2A0E2ABDB0A74F698C45551DE7'/*xnsw201510*/, NULL, '[14]', '[14]', NULL, GETDATE(), 1);
INSERT INTO User_Department (U_Id, D_Id) VALUES (115, 14);
INSERT INTO Users (U_Id, U_Name, U_LoginName, U_Password, Du_Id, U_Departments, U_Roles, U_Remark, U_AddTime, U_Status) VALUES (116, '曾祥万', 'ZengXiangWan', 'BC111B2A0E2ABDB0A74F698C45551DE7'/*xnsw201510*/, NULL, '[14]', '[14]', NULL, GETDATE(), 1);
INSERT INTO User_Department (U_Id, D_Id) VALUES (116, 14);
INSERT INTO Users (U_Id, U_Name, U_LoginName, U_Password, Du_Id, U_Departments, U_Roles, U_Remark, U_AddTime, U_Status) VALUES (117, '陈冠雄', 'ChenGuanXiong', 'BC111B2A0E2ABDB0A74F698C45551DE7'/*xnsw201510*/, NULL, '[14]', '[14]', NULL, GETDATE(), 1);
INSERT INTO User_Department (U_Id, D_Id) VALUES (117, 14);
INSERT INTO Users (U_Id, U_Name, U_LoginName, U_Password, Du_Id, U_Departments, U_Roles, U_Remark, U_AddTime, U_Status) VALUES (118, '朱荣桂', 'ZhuRongGui', 'BC111B2A0E2ABDB0A74F698C45551DE7'/*xnsw201510*/, NULL, '[14]', '[14]', NULL, GETDATE(), 1);
INSERT INTO User_Department (U_Id, D_Id) VALUES (118, 14);
INSERT INTO Users (U_Id, U_Name, U_LoginName, U_Password, Du_Id, U_Departments, U_Roles, U_Remark, U_AddTime, U_Status) VALUES (119, '刘明育', 'LiuMingYu', 'BC111B2A0E2ABDB0A74F698C45551DE7'/*xnsw201510*/, NULL, '[14]', '[14]', NULL, GETDATE(), 1);
INSERT INTO User_Department (U_Id, D_Id) VALUES (119, 14);
INSERT INTO Users (U_Id, U_Name, U_LoginName, U_Password, Du_Id, U_Departments, U_Roles, U_Remark, U_AddTime, U_Status) VALUES (120, '黄岸平', 'HuangAnPing', 'BC111B2A0E2ABDB0A74F698C45551DE7'/*xnsw201510*/, NULL, '[14]', '[14]', NULL, GETDATE(), 1);
INSERT INTO User_Department (U_Id, D_Id) VALUES (120, 14);
INSERT INTO Users (U_Id, U_Name, U_LoginName, U_Password, Du_Id, U_Departments, U_Roles, U_Remark, U_AddTime, U_Status) VALUES (121, '王建清', 'WangJianQing', 'BC111B2A0E2ABDB0A74F698C45551DE7'/*xnsw201510*/, NULL, '[14]', '[14]', NULL, GETDATE(), 1);
INSERT INTO User_Department (U_Id, D_Id) VALUES (121, 14);
INSERT INTO Users (U_Id, U_Name, U_LoginName, U_Password, Du_Id, U_Departments, U_Roles, U_Remark, U_AddTime, U_Status) VALUES (122, '黄玩华', 'HuangWanHua', 'BC111B2A0E2ABDB0A74F698C45551DE7'/*xnsw201510*/, NULL, '[14]', '[14]', NULL, GETDATE(), 1);
INSERT INTO User_Department (U_Id, D_Id) VALUES (122, 14);
INSERT INTO Users (U_Id, U_Name, U_LoginName, U_Password, Du_Id, U_Departments, U_Roles, U_Remark, U_AddTime, U_Status) VALUES (123, '罗庆桓', 'LuoQingHuan', 'BC111B2A0E2ABDB0A74F698C45551DE7'/*xnsw201510*/, NULL, '[14]', '[14]', NULL, GETDATE(), 1);
INSERT INTO User_Department (U_Id, D_Id) VALUES (123, 14);
INSERT INTO Departments (D_Id, D_Name, D_Roles, D_Level, D_Remark, D_AddTime, D_Status) VALUES (15, '城区分局', '[15]', '00015', NULL, GETDATE(), 1);
INSERT INTO Roles (R_Id, R_Name, R_Permissions, R_PermissionCategories, R_Remark, R_AddTime, R_Status) VALUES (15, '城区分局', '[]', '[]', NULL, GETDATE(), 1);
INSERT INTO Department_Role (D_Id, R_Id) VALUES (15, 15);
INSERT INTO Users (U_Id, U_Name, U_LoginName, U_Password, Du_Id, U_Departments, U_Roles, U_Remark, U_AddTime, U_Status) VALUES (124, '刁苑辉', 'DiaoYuanHui', 'BC111B2A0E2ABDB0A74F698C45551DE7'/*xnsw201510*/, 21, '[15]', '[15]', NULL, GETDATE(), 1);
INSERT INTO User_Department (U_Id, D_Id) VALUES (124, 15);
INSERT INTO Users (U_Id, U_Name, U_LoginName, U_Password, Du_Id, U_Departments, U_Roles, U_Remark, U_AddTime, U_Status) VALUES (125, '孙丽霞', 'SunLiXia', 'BC111B2A0E2ABDB0A74F698C45551DE7'/*xnsw201510*/, 13, '[15]', '[15]', NULL, GETDATE(), 1);
INSERT INTO User_Department (U_Id, D_Id) VALUES (125, 15);
INSERT INTO Users (U_Id, U_Name, U_LoginName, U_Password, Du_Id, U_Departments, U_Roles, U_Remark, U_AddTime, U_Status) VALUES (126, '曾科', 'ZengKe', 'BC111B2A0E2ABDB0A74F698C45551DE7'/*xnsw201510*/, 13, '[15]', '[15]', NULL, GETDATE(), 1);
INSERT INTO User_Department (U_Id, D_Id) VALUES (126, 15);
INSERT INTO Users (U_Id, U_Name, U_LoginName, U_Password, Du_Id, U_Departments, U_Roles, U_Remark, U_AddTime, U_Status) VALUES (127, '谢伟东', 'XieWeiDong', 'BC111B2A0E2ABDB0A74F698C45551DE7'/*xnsw201510*/, 8, '[15]', '[15]', NULL, GETDATE(), 1);
INSERT INTO User_Department (U_Id, D_Id) VALUES (127, 15);
INSERT INTO Users (U_Id, U_Name, U_LoginName, U_Password, Du_Id, U_Departments, U_Roles, U_Remark, U_AddTime, U_Status) VALUES (128, '张艳芳', 'ZhangYanFang', 'BC111B2A0E2ABDB0A74F698C45551DE7'/*xnsw201510*/, NULL, '[15]', '[15]', NULL, GETDATE(), 1);
INSERT INTO User_Department (U_Id, D_Id) VALUES (128, 15);
INSERT INTO Users (U_Id, U_Name, U_LoginName, U_Password, Du_Id, U_Departments, U_Roles, U_Remark, U_AddTime, U_Status) VALUES (129, '陈利娟', 'ChenLiJuan', 'BC111B2A0E2ABDB0A74F698C45551DE7'/*xnsw201510*/, NULL, '[15]', '[15]', NULL, GETDATE(), 1);
INSERT INTO User_Department (U_Id, D_Id) VALUES (129, 15);
INSERT INTO Users (U_Id, U_Name, U_LoginName, U_Password, Du_Id, U_Departments, U_Roles, U_Remark, U_AddTime, U_Status) VALUES (130, '钟燕飞', 'ZhongYanFei', 'BC111B2A0E2ABDB0A74F698C45551DE7'/*xnsw201510*/, NULL, '[15]', '[15]', NULL, GETDATE(), 1);
INSERT INTO User_Department (U_Id, D_Id) VALUES (130, 15);
INSERT INTO Users (U_Id, U_Name, U_LoginName, U_Password, Du_Id, U_Departments, U_Roles, U_Remark, U_AddTime, U_Status) VALUES (131, '陈菊新', 'ChenJuXin', 'BC111B2A0E2ABDB0A74F698C45551DE7'/*xnsw201510*/, NULL, '[15]', '[15]', NULL, GETDATE(), 1);
INSERT INTO User_Department (U_Id, D_Id) VALUES (131, 15);
INSERT INTO Users (U_Id, U_Name, U_LoginName, U_Password, Du_Id, U_Departments, U_Roles, U_Remark, U_AddTime, U_Status) VALUES (132, '李汉华', 'LiHanHua', 'BC111B2A0E2ABDB0A74F698C45551DE7'/*xnsw201510*/, NULL, '[15]', '[15]', NULL, GETDATE(), 1);
INSERT INTO User_Department (U_Id, D_Id) VALUES (132, 15);
INSERT INTO Users (U_Id, U_Name, U_LoginName, U_Password, Du_Id, U_Departments, U_Roles, U_Remark, U_AddTime, U_Status) VALUES (133, '吴国辉', 'WuGuoHui', 'BC111B2A0E2ABDB0A74F698C45551DE7'/*xnsw201510*/, NULL, '[15]', '[15]', NULL, GETDATE(), 1);
INSERT INTO User_Department (U_Id, D_Id) VALUES (133, 15);
INSERT INTO Users (U_Id, U_Name, U_LoginName, U_Password, Du_Id, U_Departments, U_Roles, U_Remark, U_AddTime, U_Status) VALUES (134, '肖学东', 'XiaoXueDong', 'BC111B2A0E2ABDB0A74F698C45551DE7'/*xnsw201510*/, NULL, '[15]', '[15]', NULL, GETDATE(), 1);
INSERT INTO User_Department (U_Id, D_Id) VALUES (134, 15);
INSERT INTO Users (U_Id, U_Name, U_LoginName, U_Password, Du_Id, U_Departments, U_Roles, U_Remark, U_AddTime, U_Status) VALUES (135, '罗卫东', 'LuoWeiDong', 'BC111B2A0E2ABDB0A74F698C45551DE7'/*xnsw201510*/, NULL, '[15]', '[15]', NULL, GETDATE(), 1);
INSERT INTO User_Department (U_Id, D_Id) VALUES (135, 15);
INSERT INTO Users (U_Id, U_Name, U_LoginName, U_Password, Du_Id, U_Departments, U_Roles, U_Remark, U_AddTime, U_Status) VALUES (136, '梁平', 'LiangPing', 'BC111B2A0E2ABDB0A74F698C45551DE7'/*xnsw201510*/, NULL, '[15]', '[15]', NULL, GETDATE(), 1);
INSERT INTO User_Department (U_Id, D_Id) VALUES (136, 15);
INSERT INTO Users (U_Id, U_Name, U_LoginName, U_Password, Du_Id, U_Departments, U_Roles, U_Remark, U_AddTime, U_Status) VALUES (137, '罗国新', 'LuoGuoXin', 'BC111B2A0E2ABDB0A74F698C45551DE7'/*xnsw201510*/, NULL, '[15]', '[15]', NULL, GETDATE(), 1);
INSERT INTO User_Department (U_Id, D_Id) VALUES (137, 15);
INSERT INTO Users (U_Id, U_Name, U_LoginName, U_Password, Du_Id, U_Departments, U_Roles, U_Remark, U_AddTime, U_Status) VALUES (138, '刘俐平', 'LiuLiPing', 'BC111B2A0E2ABDB0A74F698C45551DE7'/*xnsw201510*/, NULL, '[15]', '[15]', NULL, GETDATE(), 1);
INSERT INTO User_Department (U_Id, D_Id) VALUES (138, 15);
INSERT INTO Users (U_Id, U_Name, U_LoginName, U_Password, Du_Id, U_Departments, U_Roles, U_Remark, U_AddTime, U_Status) VALUES (139, '廖娟', 'LiaoJuan', 'BC111B2A0E2ABDB0A74F698C45551DE7'/*xnsw201510*/, NULL, '[15]', '[15]', NULL, GETDATE(), 1);
INSERT INTO User_Department (U_Id, D_Id) VALUES (139, 15);
INSERT INTO Users (U_Id, U_Name, U_LoginName, U_Password, Du_Id, U_Departments, U_Roles, U_Remark, U_AddTime, U_Status) VALUES (140, '陈思', 'ChenSi', 'BC111B2A0E2ABDB0A74F698C45551DE7'/*xnsw201510*/, NULL, '[15]', '[15]', NULL, GETDATE(), 1);
INSERT INTO User_Department (U_Id, D_Id) VALUES (140, 15);
INSERT INTO Users (U_Id, U_Name, U_LoginName, U_Password, Du_Id, U_Departments, U_Roles, U_Remark, U_AddTime, U_Status) VALUES (141, '刘春兰', 'LiuChunLan', 'BC111B2A0E2ABDB0A74F698C45551DE7'/*xnsw201510*/, NULL, '[15]', '[15]', NULL, GETDATE(), 1);
INSERT INTO User_Department (U_Id, D_Id) VALUES (141, 15);
INSERT INTO Users (U_Id, U_Name, U_LoginName, U_Password, Du_Id, U_Departments, U_Roles, U_Remark, U_AddTime, U_Status) VALUES (142, '钟海平', 'ZhongHaiPing', 'BC111B2A0E2ABDB0A74F698C45551DE7'/*xnsw201510*/, NULL, '[15]', '[15]', NULL, GETDATE(), 1);
INSERT INTO User_Department (U_Id, D_Id) VALUES (142, 15);
INSERT INTO Users (U_Id, U_Name, U_LoginName, U_Password, Du_Id, U_Departments, U_Roles, U_Remark, U_AddTime, U_Status) VALUES (143, '邓佳维', 'DengJiaWei', 'BC111B2A0E2ABDB0A74F698C45551DE7'/*xnsw201510*/, NULL, '[15]', '[15]', NULL, GETDATE(), 1);
INSERT INTO User_Department (U_Id, D_Id) VALUES (143, 15);
INSERT INTO Users (U_Id, U_Name, U_LoginName, U_Password, Du_Id, U_Departments, U_Roles, U_Remark, U_AddTime, U_Status) VALUES (144, '邱美婷', 'QiuMeiTing', 'BC111B2A0E2ABDB0A74F698C45551DE7'/*xnsw201510*/, NULL, '[15]', '[15]', NULL, GETDATE(), 1);
INSERT INTO User_Department (U_Id, D_Id) VALUES (144, 15);
INSERT INTO Users (U_Id, U_Name, U_LoginName, U_Password, Du_Id, U_Departments, U_Roles, U_Remark, U_AddTime, U_Status) VALUES (145, '曾婷', 'ZengTing', 'BC111B2A0E2ABDB0A74F698C45551DE7'/*xnsw201510*/, 15, '[15]', '[15]', NULL, GETDATE(), 1);
INSERT INTO User_Department (U_Id, D_Id) VALUES (145, 15);
INSERT INTO Users (U_Id, U_Name, U_LoginName, U_Password, Du_Id, U_Departments, U_Roles, U_Remark, U_AddTime, U_Status) VALUES (146, '范雅静', 'FanYaJing', 'BC111B2A0E2ABDB0A74F698C45551DE7'/*xnsw201510*/, 15, '[15]', '[15]', NULL, GETDATE(), 1);
INSERT INTO User_Department (U_Id, D_Id) VALUES (146, 15);
INSERT INTO Users (U_Id, U_Name, U_LoginName, U_Password, Du_Id, U_Departments, U_Roles, U_Remark, U_AddTime, U_Status) VALUES (147, '黄幸华', 'HuangXingHua', 'BC111B2A0E2ABDB0A74F698C45551DE7'/*xnsw201510*/, 15, '[15]', '[15]', NULL, GETDATE(), 1);
INSERT INTO User_Department (U_Id, D_Id) VALUES (147, 15);
INSERT INTO Users (U_Id, U_Name, U_LoginName, U_Password, Du_Id, U_Departments, U_Roles, U_Remark, U_AddTime, U_Status) VALUES (148, '丁颖', 'DingYing', 'BC111B2A0E2ABDB0A74F698C45551DE7'/*xnsw201510*/, 15, '[15]', '[15]', NULL, GETDATE(), 1);
INSERT INTO User_Department (U_Id, D_Id) VALUES (148, 15);
INSERT INTO Users (U_Id, U_Name, U_LoginName, U_Password, Du_Id, U_Departments, U_Roles, U_Remark, U_AddTime, U_Status) VALUES (149, '范婷', 'FanTing', 'BC111B2A0E2ABDB0A74F698C45551DE7'/*xnsw201510*/, 15, '[15]', '[15]', NULL, GETDATE(), 1);
INSERT INTO User_Department (U_Id, D_Id) VALUES (149, 15);
INSERT INTO Users (U_Id, U_Name, U_LoginName, U_Password, Du_Id, U_Departments, U_Roles, U_Remark, U_AddTime, U_Status) VALUES (150, '袁丹艳', 'YuanDanYan', 'BC111B2A0E2ABDB0A74F698C45551DE7'/*xnsw201510*/, 15, '[15]', '[15]', NULL, GETDATE(), 1);
INSERT INTO User_Department (U_Id, D_Id) VALUES (150, 15);
INSERT INTO Users (U_Id, U_Name, U_LoginName, U_Password, Du_Id, U_Departments, U_Roles, U_Remark, U_AddTime, U_Status) VALUES (151, '毛双利', 'MaoShuangLi', 'BC111B2A0E2ABDB0A74F698C45551DE7'/*xnsw201510*/, 15, '[15]', '[15]', NULL, GETDATE(), 1);
INSERT INTO User_Department (U_Id, D_Id) VALUES (151, 15);
INSERT INTO Users (U_Id, U_Name, U_LoginName, U_Password, Du_Id, U_Departments, U_Roles, U_Remark, U_AddTime, U_Status) VALUES (152, '彭燕', 'PengYan', 'BC111B2A0E2ABDB0A74F698C45551DE7'/*xnsw201510*/, 15, '[15]', '[15]', NULL, GETDATE(), 1);
INSERT INTO User_Department (U_Id, D_Id) VALUES (152, 15);
INSERT INTO Users (U_Id, U_Name, U_LoginName, U_Password, Du_Id, U_Departments, U_Roles, U_Remark, U_AddTime, U_Status) VALUES (153, '郑俏玲', 'ZhengQiaoLing', 'BC111B2A0E2ABDB0A74F698C45551DE7'/*xnsw201510*/, 15, '[15]', '[15]', NULL, GETDATE(), 1);
INSERT INTO User_Department (U_Id, D_Id) VALUES (153, 15);
INSERT INTO Users (U_Id, U_Name, U_LoginName, U_Password, Du_Id, U_Departments, U_Roles, U_Remark, U_AddTime, U_Status) VALUES (154, '陈萍', 'ChenPing', 'BC111B2A0E2ABDB0A74F698C45551DE7'/*xnsw201510*/, 15, '[15]', '[15]', NULL, GETDATE(), 1);
INSERT INTO User_Department (U_Id, D_Id) VALUES (154, 15);
INSERT INTO Departments (D_Id, D_Name, D_Roles, D_Level, D_Remark, D_AddTime, D_Status) VALUES (16, '罗岗分局', '[16]', '00016', NULL, GETDATE(), 1);
INSERT INTO Roles (R_Id, R_Name, R_Permissions, R_PermissionCategories, R_Remark, R_AddTime, R_Status) VALUES (16, '罗岗分局', '[]', '[]', NULL, GETDATE(), 1);
INSERT INTO Department_Role (D_Id, R_Id) VALUES (16, 16);
INSERT INTO Users (U_Id, U_Name, U_LoginName, U_Password, Du_Id, U_Departments, U_Roles, U_Remark, U_AddTime, U_Status) VALUES (155, '张思明', 'ZhangSiMing', 'BC111B2A0E2ABDB0A74F698C45551DE7'/*xnsw201510*/, 21, '[16]', '[16]', NULL, GETDATE(), 1);
INSERT INTO User_Department (U_Id, D_Id) VALUES (155, 16);
INSERT INTO Users (U_Id, U_Name, U_LoginName, U_Password, Du_Id, U_Departments, U_Roles, U_Remark, U_AddTime, U_Status) VALUES (156, '邱力', 'QiuLi', 'BC111B2A0E2ABDB0A74F698C45551DE7'/*xnsw201510*/, 8, '[16]', '[16]', NULL, GETDATE(), 1);
INSERT INTO User_Department (U_Id, D_Id) VALUES (156, 16);
INSERT INTO Users (U_Id, U_Name, U_LoginName, U_Password, Du_Id, U_Departments, U_Roles, U_Remark, U_AddTime, U_Status) VALUES (157, '罗启杰', 'LuoQiJie', 'BC111B2A0E2ABDB0A74F698C45551DE7'/*xnsw201510*/, NULL, '[16]', '[16]', NULL, GETDATE(), 1);
INSERT INTO User_Department (U_Id, D_Id) VALUES (157, 16);
INSERT INTO Users (U_Id, U_Name, U_LoginName, U_Password, Du_Id, U_Departments, U_Roles, U_Remark, U_AddTime, U_Status) VALUES (158, '刘庆福', 'LiuQingFu', 'BC111B2A0E2ABDB0A74F698C45551DE7'/*xnsw201510*/, NULL, '[16]', '[16]', NULL, GETDATE(), 1);
INSERT INTO User_Department (U_Id, D_Id) VALUES (158, 16);
INSERT INTO Users (U_Id, U_Name, U_LoginName, U_Password, Du_Id, U_Departments, U_Roles, U_Remark, U_AddTime, U_Status) VALUES (159, '陈国平', 'ChenGuoPing', 'BC111B2A0E2ABDB0A74F698C45551DE7'/*xnsw201510*/, NULL, '[16]', '[16]', NULL, GETDATE(), 1);
INSERT INTO User_Department (U_Id, D_Id) VALUES (159, 16);
INSERT INTO Users (U_Id, U_Name, U_LoginName, U_Password, Du_Id, U_Departments, U_Roles, U_Remark, U_AddTime, U_Status) VALUES (160, '欧阳升', 'OuYangSheng', 'BC111B2A0E2ABDB0A74F698C45551DE7'/*xnsw201510*/, NULL, '[16]', '[16]', NULL, GETDATE(), 1);
INSERT INTO User_Department (U_Id, D_Id) VALUES (160, 16);
INSERT INTO Users (U_Id, U_Name, U_LoginName, U_Password, Du_Id, U_Departments, U_Roles, U_Remark, U_AddTime, U_Status) VALUES (161, '陈峰', 'ChenFeng', 'BC111B2A0E2ABDB0A74F698C45551DE7'/*xnsw201510*/, NULL, '[16]', '[16]', NULL, GETDATE(), 1);
INSERT INTO User_Department (U_Id, D_Id) VALUES (161, 16);
INSERT INTO Departments (D_Id, D_Name, D_Roles, D_Level, D_Remark, D_AddTime, D_Status) VALUES (17, '黄陂分局 ', '[17]', '00017', NULL, GETDATE(), 1);
INSERT INTO Roles (R_Id, R_Name, R_Permissions, R_PermissionCategories, R_Remark, R_AddTime, R_Status) VALUES (17, '黄陂分局 ', '[]', '[]', NULL, GETDATE(), 1);
INSERT INTO Department_Role (D_Id, R_Id) VALUES (17, 17);
INSERT INTO Users (U_Id, U_Name, U_LoginName, U_Password, Du_Id, U_Departments, U_Roles, U_Remark, U_AddTime, U_Status) VALUES (162, '蓝俊波', 'LanJunBo', 'BC111B2A0E2ABDB0A74F698C45551DE7'/*xnsw201510*/, 21, '[17]', '[17]', NULL, GETDATE(), 1);
INSERT INTO User_Department (U_Id, D_Id) VALUES (162, 17);
INSERT INTO Users (U_Id, U_Name, U_LoginName, U_Password, Du_Id, U_Departments, U_Roles, U_Remark, U_AddTime, U_Status) VALUES (163, '王悦', 'WangYue', 'BC111B2A0E2ABDB0A74F698C45551DE7'/*xnsw201510*/, 13, '[17]', '[17]', NULL, GETDATE(), 1);
INSERT INTO User_Department (U_Id, D_Id) VALUES (163, 17);
INSERT INTO Users (U_Id, U_Name, U_LoginName, U_Password, Du_Id, U_Departments, U_Roles, U_Remark, U_AddTime, U_Status) VALUES (164, '张裕坚', 'ZhangYuJian', 'BC111B2A0E2ABDB0A74F698C45551DE7'/*xnsw201510*/, NULL, '[17]', '[17]', NULL, GETDATE(), 1);
INSERT INTO User_Department (U_Id, D_Id) VALUES (164, 17);
INSERT INTO Users (U_Id, U_Name, U_LoginName, U_Password, Du_Id, U_Departments, U_Roles, U_Remark, U_AddTime, U_Status) VALUES (165, '陈为民', 'ChenWeiMin', 'BC111B2A0E2ABDB0A74F698C45551DE7'/*xnsw201510*/, NULL, '[17]', '[17]', NULL, GETDATE(), 1);
INSERT INTO User_Department (U_Id, D_Id) VALUES (165, 17);
INSERT INTO Users (U_Id, U_Name, U_LoginName, U_Password, Du_Id, U_Departments, U_Roles, U_Remark, U_AddTime, U_Status) VALUES (166, '侯学文', 'HouXueWen', 'BC111B2A0E2ABDB0A74F698C45551DE7'/*xnsw201510*/, NULL, '[17]', '[17]', NULL, GETDATE(), 1);
INSERT INTO User_Department (U_Id, D_Id) VALUES (166, 17);
INSERT INTO Users (U_Id, U_Name, U_LoginName, U_Password, Du_Id, U_Departments, U_Roles, U_Remark, U_AddTime, U_Status) VALUES (167, '李丽珠', 'LiLiZhu', 'BC111B2A0E2ABDB0A74F698C45551DE7'/*xnsw201510*/, NULL, '[17]', '[17]', NULL, GETDATE(), 1);
INSERT INTO User_Department (U_Id, D_Id) VALUES (167, 17);
INSERT INTO Users (U_Id, U_Name, U_LoginName, U_Password, Du_Id, U_Departments, U_Roles, U_Remark, U_AddTime, U_Status) VALUES (168, '罗维静', 'LuoWeiJing', 'BC111B2A0E2ABDB0A74F698C45551DE7'/*xnsw201510*/, 15, '[17]', '[17]', NULL, GETDATE(), 1);
INSERT INTO User_Department (U_Id, D_Id) VALUES (168, 17);
INSERT INTO Departments (D_Id, D_Name, D_Roles, D_Level, D_Remark, D_AddTime, D_Status) VALUES (18, '龙田分局', '[18]', '00018', NULL, GETDATE(), 1);
INSERT INTO Roles (R_Id, R_Name, R_Permissions, R_PermissionCategories, R_Remark, R_AddTime, R_Status) VALUES (18, '龙田分局', '[]', '[]', NULL, GETDATE(), 1);
INSERT INTO Department_Role (D_Id, R_Id) VALUES (18, 18);
INSERT INTO Users (U_Id, U_Name, U_LoginName, U_Password, Du_Id, U_Departments, U_Roles, U_Remark, U_AddTime, U_Status) VALUES (169, '刘绍斌', 'LiuShaoBin', 'BC111B2A0E2ABDB0A74F698C45551DE7'/*xnsw201510*/, 21, '[18]', '[18]', NULL, GETDATE(), 1);
INSERT INTO User_Department (U_Id, D_Id) VALUES (169, 18);
INSERT INTO Users (U_Id, U_Name, U_LoginName, U_Password, Du_Id, U_Departments, U_Roles, U_Remark, U_AddTime, U_Status) VALUES (170, '陈东', 'ChenDong', 'BC111B2A0E2ABDB0A74F698C45551DE7'/*xnsw201510*/, 13, '[18]', '[18]', NULL, GETDATE(), 1);
INSERT INTO User_Department (U_Id, D_Id) VALUES (170, 18);
INSERT INTO Users (U_Id, U_Name, U_LoginName, U_Password, Du_Id, U_Departments, U_Roles, U_Remark, U_AddTime, U_Status) VALUES (171, '许国锋', 'XuGuoFeng', 'BC111B2A0E2ABDB0A74F698C45551DE7'/*xnsw201510*/, 13, '[18]', '[18]', NULL, GETDATE(), 1);
INSERT INTO User_Department (U_Id, D_Id) VALUES (171, 18);
INSERT INTO Users (U_Id, U_Name, U_LoginName, U_Password, Du_Id, U_Departments, U_Roles, U_Remark, U_AddTime, U_Status) VALUES (172, '王梅飞', 'WangMeiFei', 'BC111B2A0E2ABDB0A74F698C45551DE7'/*xnsw201510*/, 8, '[18]', '[18]', NULL, GETDATE(), 1);
INSERT INTO User_Department (U_Id, D_Id) VALUES (172, 18);
INSERT INTO Users (U_Id, U_Name, U_LoginName, U_Password, Du_Id, U_Departments, U_Roles, U_Remark, U_AddTime, U_Status) VALUES (173, '钟焕元', 'ZhongHuanYuan', 'BC111B2A0E2ABDB0A74F698C45551DE7'/*xnsw201510*/, NULL, '[18]', '[18]', NULL, GETDATE(), 1);
INSERT INTO User_Department (U_Id, D_Id) VALUES (173, 18);
INSERT INTO Users (U_Id, U_Name, U_LoginName, U_Password, Du_Id, U_Departments, U_Roles, U_Remark, U_AddTime, U_Status) VALUES (174, '刘亮生', 'LiuLiangSheng', 'BC111B2A0E2ABDB0A74F698C45551DE7'/*xnsw201510*/, NULL, '[18]', '[18]', NULL, GETDATE(), 1);
INSERT INTO User_Department (U_Id, D_Id) VALUES (174, 18);
INSERT INTO Users (U_Id, U_Name, U_LoginName, U_Password, Du_Id, U_Departments, U_Roles, U_Remark, U_AddTime, U_Status) VALUES (175, '张冰强', 'ZhangBingQiang', 'BC111B2A0E2ABDB0A74F698C45551DE7'/*xnsw201510*/, NULL, '[18]', '[18]', NULL, GETDATE(), 1);
INSERT INTO User_Department (U_Id, D_Id) VALUES (175, 18);
INSERT INTO Users (U_Id, U_Name, U_LoginName, U_Password, Du_Id, U_Departments, U_Roles, U_Remark, U_AddTime, U_Status) VALUES (176, '黄均华', 'HuangJunHua', 'BC111B2A0E2ABDB0A74F698C45551DE7'/*xnsw201510*/, NULL, '[18]', '[18]', NULL, GETDATE(), 1);
INSERT INTO User_Department (U_Id, D_Id) VALUES (176, 18);
INSERT INTO Users (U_Id, U_Name, U_LoginName, U_Password, Du_Id, U_Departments, U_Roles, U_Remark, U_AddTime, U_Status) VALUES (177, '刘涛', 'LiuTao', 'BC111B2A0E2ABDB0A74F698C45551DE7'/*xnsw201510*/, NULL, '[18]', '[18]', NULL, GETDATE(), 1);
INSERT INTO User_Department (U_Id, D_Id) VALUES (177, 18);
INSERT INTO Users (U_Id, U_Name, U_LoginName, U_Password, Du_Id, U_Departments, U_Roles, U_Remark, U_AddTime, U_Status) VALUES (178, '陈辰', 'ChenChen', 'BC111B2A0E2ABDB0A74F698C45551DE7'/*xnsw201510*/, NULL, '[18]', '[18]', NULL, GETDATE(), 1);
INSERT INTO User_Department (U_Id, D_Id) VALUES (178, 18);
INSERT INTO Users (U_Id, U_Name, U_LoginName, U_Password, Du_Id, U_Departments, U_Roles, U_Remark, U_AddTime, U_Status) VALUES (179, '陈文媛', 'ChenWenYuan', 'BC111B2A0E2ABDB0A74F698C45551DE7'/*xnsw201510*/, NULL, '[18]', '[18]', NULL, GETDATE(), 1);
INSERT INTO User_Department (U_Id, D_Id) VALUES (179, 18);
INSERT INTO Users (U_Id, U_Name, U_LoginName, U_Password, Du_Id, U_Departments, U_Roles, U_Remark, U_AddTime, U_Status) VALUES (180, '刘佳', 'LiuJia', 'BC111B2A0E2ABDB0A74F698C45551DE7'/*xnsw201510*/, 15, '[18]', '[18]', NULL, GETDATE(), 1);
INSERT INTO User_Department (U_Id, D_Id) VALUES (180, 18);
INSERT INTO Users (U_Id, U_Name, U_LoginName, U_Password, Du_Id, U_Departments, U_Roles, U_Remark, U_AddTime, U_Status) VALUES (181, '刁芳妮', 'DiaoFangNi', 'BC111B2A0E2ABDB0A74F698C45551DE7'/*xnsw201510*/, 15, '[18]', '[18]', NULL, GETDATE(), 1);
INSERT INTO User_Department (U_Id, D_Id) VALUES (181, 18);
INSERT INTO Departments (D_Id, D_Name, D_Roles, D_Level, D_Remark, D_AddTime, D_Status) VALUES (19, '坭陂分局', '[19]', '00019', NULL, GETDATE(), 1);
INSERT INTO Roles (R_Id, R_Name, R_Permissions, R_PermissionCategories, R_Remark, R_AddTime, R_Status) VALUES (19, '坭陂分局', '[]', '[]', NULL, GETDATE(), 1);
INSERT INTO Department_Role (D_Id, R_Id) VALUES (19, 19);
INSERT INTO Users (U_Id, U_Name, U_LoginName, U_Password, Du_Id, U_Departments, U_Roles, U_Remark, U_AddTime, U_Status) VALUES (182, '罗新峰', 'LuoXinFeng', 'BC111B2A0E2ABDB0A74F698C45551DE7'/*xnsw201510*/, 21, '[19]', '[19]', NULL, GETDATE(), 1);
INSERT INTO User_Department (U_Id, D_Id) VALUES (182, 19);
INSERT INTO Users (U_Id, U_Name, U_LoginName, U_Password, Du_Id, U_Departments, U_Roles, U_Remark, U_AddTime, U_Status) VALUES (183, '罗尚东', 'LuoShangDong', 'BC111B2A0E2ABDB0A74F698C45551DE7'/*xnsw201510*/, 13, '[19]', '[19]', NULL, GETDATE(), 1);
INSERT INTO User_Department (U_Id, D_Id) VALUES (183, 19);
INSERT INTO Users (U_Id, U_Name, U_LoginName, U_Password, Du_Id, U_Departments, U_Roles, U_Remark, U_AddTime, U_Status) VALUES (184, '刘国良', 'LiuGuoLiang', 'BC111B2A0E2ABDB0A74F698C45551DE7'/*xnsw201510*/, 13, '[19]', '[19]', NULL, GETDATE(), 1);
INSERT INTO User_Department (U_Id, D_Id) VALUES (184, 19);
INSERT INTO Users (U_Id, U_Name, U_LoginName, U_Password, Du_Id, U_Departments, U_Roles, U_Remark, U_AddTime, U_Status) VALUES (185, '黄宏清', 'HuangHongQing', 'BC111B2A0E2ABDB0A74F698C45551DE7'/*xnsw201510*/, 8, '[19]', '[19]', NULL, GETDATE(), 1);
INSERT INTO User_Department (U_Id, D_Id) VALUES (185, 19);
INSERT INTO Users (U_Id, U_Name, U_LoginName, U_Password, Du_Id, U_Departments, U_Roles, U_Remark, U_AddTime, U_Status) VALUES (186, '吴宝钦', 'WuBaoQin', 'BC111B2A0E2ABDB0A74F698C45551DE7'/*xnsw201510*/, NULL, '[19]', '[19]', NULL, GETDATE(), 1);
INSERT INTO User_Department (U_Id, D_Id) VALUES (186, 19);
INSERT INTO Users (U_Id, U_Name, U_LoginName, U_Password, Du_Id, U_Departments, U_Roles, U_Remark, U_AddTime, U_Status) VALUES (187, '钟福星', 'ZhongFuXing', 'BC111B2A0E2ABDB0A74F698C45551DE7'/*xnsw201510*/, NULL, '[19]', '[19]', NULL, GETDATE(), 1);
INSERT INTO User_Department (U_Id, D_Id) VALUES (187, 19);
INSERT INTO Users (U_Id, U_Name, U_LoginName, U_Password, Du_Id, U_Departments, U_Roles, U_Remark, U_AddTime, U_Status) VALUES (188, '廖亚文', 'LiaoYaWen', 'BC111B2A0E2ABDB0A74F698C45551DE7'/*xnsw201510*/, NULL, '[19]', '[19]', NULL, GETDATE(), 1);
INSERT INTO User_Department (U_Id, D_Id) VALUES (188, 19);
INSERT INTO Users (U_Id, U_Name, U_LoginName, U_Password, Du_Id, U_Departments, U_Roles, U_Remark, U_AddTime, U_Status) VALUES (189, '何旺宏', 'HeWangHong', 'BC111B2A0E2ABDB0A74F698C45551DE7'/*xnsw201510*/, NULL, '[19]', '[19]', NULL, GETDATE(), 1);
INSERT INTO User_Department (U_Id, D_Id) VALUES (189, 19);
INSERT INTO Users (U_Id, U_Name, U_LoginName, U_Password, Du_Id, U_Departments, U_Roles, U_Remark, U_AddTime, U_Status) VALUES (190, '童小生', 'TongXiaoSheng', 'BC111B2A0E2ABDB0A74F698C45551DE7'/*xnsw201510*/, NULL, '[19]', '[19]', NULL, GETDATE(), 1);
INSERT INTO User_Department (U_Id, D_Id) VALUES (190, 19);
INSERT INTO Users (U_Id, U_Name, U_LoginName, U_Password, Du_Id, U_Departments, U_Roles, U_Remark, U_AddTime, U_Status) VALUES (191, '张冰雄', 'ZhangBingXiong', 'BC111B2A0E2ABDB0A74F698C45551DE7'/*xnsw201510*/, NULL, '[19]', '[19]', NULL, GETDATE(), 1);
INSERT INTO User_Department (U_Id, D_Id) VALUES (191, 19);
INSERT INTO Users (U_Id, U_Name, U_LoginName, U_Password, Du_Id, U_Departments, U_Roles, U_Remark, U_AddTime, U_Status) VALUES (192, '罗崇标', 'LuoChongBiao', 'BC111B2A0E2ABDB0A74F698C45551DE7'/*xnsw201510*/, NULL, '[19]', '[19]', NULL, GETDATE(), 1);
INSERT INTO User_Department (U_Id, D_Id) VALUES (192, 19);
INSERT INTO Users (U_Id, U_Name, U_LoginName, U_Password, Du_Id, U_Departments, U_Roles, U_Remark, U_AddTime, U_Status) VALUES (193, '曾坤华', 'ZengKunHua', 'BC111B2A0E2ABDB0A74F698C45551DE7'/*xnsw201510*/, NULL, '[19]', '[19]', NULL, GETDATE(), 1);
INSERT INTO User_Department (U_Id, D_Id) VALUES (193, 19);
INSERT INTO Users (U_Id, U_Name, U_LoginName, U_Password, Du_Id, U_Departments, U_Roles, U_Remark, U_AddTime, U_Status) VALUES (194, '曾慧瑶', 'ZengHuiYao', 'BC111B2A0E2ABDB0A74F698C45551DE7'/*xnsw201510*/, NULL, '[19]', '[19]', NULL, GETDATE(), 1);
INSERT INTO User_Department (U_Id, D_Id) VALUES (194, 19);
INSERT INTO Users (U_Id, U_Name, U_LoginName, U_Password, Du_Id, U_Departments, U_Roles, U_Remark, U_AddTime, U_Status) VALUES (195, '毛思权', 'MaoSiQuan', 'BC111B2A0E2ABDB0A74F698C45551DE7'/*xnsw201510*/, NULL, '[19]', '[19]', NULL, GETDATE(), 1);
INSERT INTO User_Department (U_Id, D_Id) VALUES (195, 19);
INSERT INTO Users (U_Id, U_Name, U_LoginName, U_Password, Du_Id, U_Departments, U_Roles, U_Remark, U_AddTime, U_Status) VALUES (196, '翁丽兰', 'WengLiLan', 'BC111B2A0E2ABDB0A74F698C45551DE7'/*xnsw201510*/, NULL, '[19]', '[19]', NULL, GETDATE(), 1);
INSERT INTO User_Department (U_Id, D_Id) VALUES (196, 19);
